date,USO_Close,GLD_Close,SPY_Close,QQQ_Close
2018-01-02,12.1,125.2,268.0,157.0
2018-01-03,12.1,125.74,268.73,157.08
2018-01-04,12.14,125.37,268.22,156.12
2018-01-05,12.23,124.53,267.95,157.14
2018-01-08,12.23,124.36,266.66,157.01
2018-01-09,12.22,124.6,266.1,157.36
2018-01-10,12.31,125.1,266.35,156.85
2018-01-11,12.36,124.65,267.25,156.98
2018-01-12,12.34,124.71,266.22,156.21
2018-01-15,12.38,124.48,265.79,156.42
2018-01-16,12.36,124.37,265.52,156.18
2018-01-17,12.34,125.07,264.27,156.16
2018-01-18,12.36,124.54,264.6,156.51
2018-01-19,12.27,124.52,263.89,155.78
2018-01-22,12.18,124.58,263.59,155.35
2018-01-23,12.15,124.82,263.09,155.57
2018-01-24,12.1,124.76,262.33,156.71
2018-01-25,12.13,124.77,262.18,156.59
2018-01-26,12.09,124.56,261.88,156.88
2018-01-29,12.02,124.56,261.44,156.78
2018-01-30,12.1,124.37,260.73,157.84
2018-01-31,12.1,124.47,260.84,156.81
2018-02-01,12.11,124.27,262.0,156.82
2018-02-02,12.04,124.3,261.97,155.87
2018-02-05,12.01,124.2,262.62,154.43
2018-02-06,12.03,124.46,261.38,154.55
2018-02-07,11.97,124.35,261.37,154.59
2018-02-08,12.0,123.74,260.37,154.39
2018-02-09,11.97,124.03,259.08,154.29
2018-02-12,11.96,123.68,258.37,155.98
2018-02-13,11.94,123.4,259.15,155.8
2018-02-14,12.05,123.13,259.75,156.04
2018-02-15,12.05,123.46,259.81,155.64
2018-02-16,12.0,122.74,258.48,155.76
2018-02-19,12.05,123.58,258.19,155.59
2018-02-20,11.99,123.81,258.28,155.32
2018-02-21,12.01,123.79,258.28,156.3
2018-02-22,11.91,123.69,256.72,156.92
2018-02-23,11.85,123.69,255.9,156.96
2018-02-26,11.87,123.76,255.71,155.62
2018-02-27,11.91,123.86,255.98,155.38
2018-02-28,11.93,123.94,254.17,156.86
2018-03-01,11.93,123.89,253.91,156.69
2018-03-02,11.92,123.74,253.88,157.27
2018-03-05,11.85,123.61,254.39,158.05
2018-03-06,11.81,123.47,254.79,158.13
2018-03-07,11.8,123.72,255.1,157.61
2018-03-08,11.86,123.81,254.35,156.2
2018-03-09,11.88,122.85,252.76,156.54
2018-03-12,11.8,122.96,252.33,156.04
2018-03-13,11.82,122.94,252.95,156.1
2018-03-14,11.81,122.84,253.88,155.36
2018-03-15,11.78,122.65,254.28,155.17
2018-03-16,11.82,122.89,254.48,155.15
2018-03-19,11.88,123.09,254.63,155.26
2018-03-20,11.94,122.77,254.07,154.6
2018-03-21,11.9,122.81,253.84,155.23
2018-03-22,11.89,122.44,254.97,154.85
2018-03-23,11.91,121.95,254.12,153.88
2018-03-26,11.97,121.68,255.21,153.78
2018-03-27,11.95,121.85,254.83,153.76
2018-03-28,11.95,122.04,255.71,153.81
2018-03-29,11.9,122.11,254.5,154.53
2018-03-30,11.84,122.24,254.81,154.35
2018-04-02,11.89,122.31,254.11,154.25
2018-04-03,11.97,122.03,252.9,153.6
2018-04-04,11.97,122.08,252.93,154.01
2018-04-05,12.03,122.23,253.56,154.07
2018-04-06,12.06,122.36,252.79,153.8
2018-04-09,12.03,122.63,251.52,152.71
2018-04-10,12.06,122.75,251.31,153.47
2018-04-11,12.15,122.77,251.11,152.75
2018-04-12,12.15,123.0,251.39,152.39
2018-04-13,12.25,122.91,251.97,152.54
2018-04-16,12.11,122.56,251.8,151.85
2018-04-17,12.16,122.43,253.07,150.99
2018-04-18,12.17,122.13,253.1,149.81
2018-04-19,12.16,121.85,252.7,150.16
2018-04-20,12.17,121.72,251.35,149.82
2018-04-23,12.07,121.4,251.02,151.37
2018-04-24,12.07,121.23,250.63,150.79
2018-04-25,12.09,120.6,251.22,150.25
2018-04-26,12.18,120.58,251.43,149.91
2018-04-27,12.16,120.49,250.41,150.0
2018-04-30,12.12,120.17,250.41,149.71
2018-05-01,12.1,120.28,250.78,150.0
2018-05-02,12.16,120.47,251.8,149.43
2018-05-03,12.18,119.92,252.33,148.65
2018-05-04,12.16,119.62,252.77,147.66
2018-05-07,12.2,119.32,252.68,146.44
2018-05-08,12.21,118.97,252.84,146.13
2018-05-09,12.27,119.12,253.66,145.93
2018-05-10,12.24,118.98,252.51,145.56
2018-05-11,12.23,118.83,252.11,146.18
2018-05-14,12.21,118.17,251.39,146.79
2018-05-15,12.14,118.27,251.55,146.57
2018-05-16,12.16,117.84,252.34,145.59
2018-05-17,12.18,117.78,251.75,145.26
2018-05-18,12.19,117.77,249.82,144.91
2018-05-21,12.18,118.08,249.38,144.53
2018-05-22,12.11,117.62,249.93,144.13
2018-05-23,12.1,116.69,250.2,143.75
2018-05-24,12.09,116.67,250.39,143.52
2018-05-25,12.05,117.09,250.05,143.15
2018-05-28,12.05,117.36,248.95,143.22
2018-05-29,12.08,117.34,249.21,143.37
2018-05-30,12.19,117.12,248.45,142.86
2018-05-31,12.2,117.26,249.95,143.48
2018-06-01,12.22,116.91,250.25,142.94
2018-06-04,12.23,116.96,249.68,142.07
2018-06-05,12.13,117.02,249.09,142.23
2018-06-06,12.13,117.24,248.88,141.78
2018-06-07,12.14,117.94,248.57,141.9
2018-06-08,12.29,117.97,249.27,140.64
2018-06-11,12.28,117.74,249.28,141.31
2018-06-12,12.31,117.65,248.6,141.62
2018-06-13,12.31,117.07,249.88,140.82
2018-06-14,12.25,116.8,249.78,140.04
2018-06-15,12.32,116.6,250.23,140.85
2018-06-18,12.37,116.38,249.64,140.44
2018-06-19,12.42,116.34,249.78,139.98
2018-06-20,12.38,116.03,249.88,138.8
2018-06-21,12.46,116.26,248.33,138.59
2018-06-22,12.39,116.18,249.7,138.44
2018-06-25,12.43,116.1,250.54,138.77
2018-06-26,12.56,115.93,250.11,138.03
2018-06-27,12.51,115.89,249.15,137.24
2018-06-28,12.49,116.04,249.27,137.43
2018-06-29,12.5,115.72,249.21,137.89
2018-07-02,12.48,115.45,249.34,137.08
2018-07-03,12.4,115.29,249.35,137.58
2018-07-04,12.41,114.84,249.59,137.56
2018-07-05,12.36,114.54,250.55,138.07
2018-07-06,12.39,114.33,250.84,138.0
2018-07-09,12.35,114.49,249.92,136.72
2018-07-10,12.44,114.48,250.81,136.61
2018-07-11,12.41,114.45,251.91,137.09
2018-07-12,12.39,114.61,254.17,136.62
2018-07-13,12.45,114.49,253.18,136.39
2018-07-16,12.38,114.52,253.23,136.27
2018-07-17,12.4,114.41,251.52,134.82
2018-07-18,12.48,114.41,251.8,135.6
2018-07-19,12.4,114.17,251.25,135.12
2018-07-20,12.42,113.42,252.57,135.33
2018-07-23,12.44,113.31,251.85,135.26
2018-07-24,12.49,113.62,250.44,135.84
2018-07-25,12.43,113.79,249.95,136.0
2018-07-26,12.36,113.98,248.34,135.85
2018-07-27,12.4,114.24,248.77,135.38
2018-07-30,12.42,114.18,247.1,135.73
2018-07-31,12.44,114.16,246.99,134.78
2018-08-01,12.47,112.8,245.33,135.06
2018-08-02,12.44,113.04,244.96,134.49
2018-08-03,12.46,113.45,246.04,135.07
2018-08-06,12.48,113.49,246.17,135.11
2018-08-07,12.45,113.44,245.41,135.39
2018-08-08,12.56,113.52,245.25,135.39
2018-08-09,12.6,113.76,245.13,134.51
2018-08-10,12.53,113.44,245.35,134.06
2018-08-13,12.58,112.89,244.22,134.35
2018-08-14,12.53,112.82,244.52,134.39
2018-08-15,12.58,112.57,242.42,134.93
2018-08-16,12.66,112.5,241.83,135.09
2018-08-17,12.62,112.54,241.35,134.59
2018-08-20,12.68,112.49,241.68,134.17
2018-08-21,12.71,112.96,241.56,134.18
2018-08-22,12.76,113.13,240.42,133.03
2018-08-23,12.88,113.29,239.58,133.8
2018-08-24,12.87,113.53,239.6,133.98
2018-08-27,12.84,113.3,239.41,134.54
2018-08-28,12.79,113.66,238.87,133.74
2018-08-29,12.75,113.72,238.4,134.31
2018-08-30,12.76,113.98,238.77,135.36
2018-08-31,12.78,113.76,238.27,134.68
2018-09-03,12.81,113.41,238.08,135.02
2018-09-04,12.86,113.71,239.51,134.98
2018-09-05,12.87,113.89,238.36,134.2
2018-09-06,12.96,113.72,236.91,134.4
2018-09-07,12.95,113.56,237.34,134.77
2018-09-10,13.12,113.95,236.73,134.45
2018-09-11,13.16,113.7,236.38,134.98
2018-09-12,13.12,114.22,235.7,134.14
2018-09-13,13.06,114.05,235.39,133.38
2018-09-14,13.1,114.31,236.4,133.41
2018-09-17,13.09,114.29,236.84,133.39
2018-09-18,13.14,114.54,237.33,133.01
2018-09-19,13.18,114.46,236.19,133.37
2018-09-20,13.18,114.5,235.25,133.59
2018-09-21,13.14,114.59,233.13,133.96
2018-09-24,13.06,114.39,232.44,133.87
2018-09-25,13.04,114.67,232.99,134.13
2018-09-26,13.1,114.6,233.23,133.88
2018-09-27,13.12,114.62,232.95,134.84
2018-09-28,13.05,114.42,232.81,134.41
2018-10-01,13.5,113.8,232.2,135.39
2018-10-02,13.4,113.82,232.22,135.38
2018-10-03,13.37,114.56,232.63,134.67
2018-10-04,13.33,114.85,231.38,135.3
2018-10-05,13.21,114.93,231.47,135.33
2018-10-08,13.19,114.93,231.99,135.71
2018-10-09,13.18,115.02,231.58,136.27
2018-10-10,13.2,115.25,231.94,136.4
2018-10-11,13.22,115.0,233.78,136.08
2018-10-12,13.09,115.38,233.58,136.52
2018-10-15,12.99,115.66,233.74,136.49
2018-10-16,12.98,115.94,233.09,136.79
2018-10-17,12.97,116.14,233.1,135.7
2018-10-18,12.96,116.22,233.29,135.88
2018-10-19,13.14,116.49,233.31,135.53
2018-10-22,13.13,116.73,232.47,136.31
2018-10-23,13.15,116.71,232.49,136.58
2018-10-24,13.16,116.63,233.39,136.66
2018-10-25,13.16,116.74,233.58,136.86
2018-10-26,13.1,117.25,234.13,136.34
2018-10-29,13.1,116.98,233.83,137.1
2018-10-30,13.01,116.65,234.24,138.05
2018-10-31,12.95,116.77,234.31,138.21
2018-11-01,12.88,116.87,233.51,138.97
2018-11-02,12.84,117.0,233.61,138.65
2018-11-05,12.93,117.14,232.79,138.22
2018-11-06,12.78,117.16,232.23,138.2
2018-11-07,12.78,117.66,232.24,138.38
2018-11-08,12.65,117.29,232.32,138.15
2018-11-09,12.58,117.13,231.37,138.38
2018-11-12,12.6,117.18,231.98,138.5
2018-11-13,12.56,116.8,232.25,137.96
2018-11-14,12.46,116.83,231.64,138.19
2018-11-15,12.37,117.38,230.45,138.58
2018-11-16,12.37,117.46,230.23,138.63
2018-11-19,12.29,117.61,229.79,139.17
2018-11-20,12.26,117.33,229.75,138.53
2018-11-21,12.22,117.24,229.38,138.72
2018-11-22,12.15,117.21,227.88,138.11
2018-11-23,12.22,117.2,227.49,137.52
2018-11-26,12.22,117.64,227.16,137.17
2018-11-27,12.07,117.88,227.47,136.67
2018-11-28,12.04,117.64,226.88,136.36
2018-11-29,11.96,117.79,227.9,136.22
2018-11-30,11.97,118.01,226.47,136.6
2018-12-03,11.88,118.41,227.25,136.41
2018-12-04,11.84,118.95,226.97,135.6
2018-12-05,11.83,118.74,227.44,136.12
2018-12-06,11.83,118.59,227.37,135.67
2018-12-07,11.73,118.31,228.03,135.61
2018-12-10,11.67,118.32,227.64,135.79
2018-12-11,11.61,118.53,226.77,135.85
2018-12-12,11.54,118.9,227.62,136.36
2018-12-13,11.59,118.95,227.42,136.56
2018-12-14,11.57,118.94,227.45,136.1
2018-12-17,11.47,119.07,228.17,137.13
2018-12-18,11.48,118.91,227.34,137.19
2018-12-19,11.55,119.59,227.63,137.09
2018-12-20,11.56,119.21,227.1,137.53
2018-12-21,11.45,119.34,226.89,137.61
2018-12-24,11.38,120.0,234.0,147.0
2018-12-25,11.41,120.09,235.67,148.64
2018-12-26,11.34,120.11,238.87,150.28
2018-12-27,11.32,120.09,241.78,152.18
2018-12-28,11.32,120.12,244.03,154.62
2018-12-31,11.24,120.6,246.53,155.66
2019-01-01,11.2,120.04,248.65,156.45
2019-01-02,10.8,121.5,250.0,160.0
2019-01-03,10.8,121.53,250.42,159.93
2019-01-04,10.76,121.52,251.52,160.4
2019-01-07,10.86,121.8,251.18,160.06
2019-01-08,10.8,121.45,252.6,159.42
2019-01-09,10.8,121.7,251.68,159.63
2019-01-10,10.82,122.4,253.16,160.31
2019-01-11,10.91,122.11,253.12,159.51
2019-01-14,10.86,122.28,253.18,160.16
2019-01-15,10.93,122.2,251.99,160.81
2019-01-16,10.95,122.44,251.89,161.54
2019-01-17,10.92,122.55,251.35,162.43
2019-01-18,10.96,122.48,251.14,163.9
2019-01-21,10.99,122.73,251.28,163.87
2019-01-22,10.97,123.38,252.24,164.12
2019-01-23,10.99,123.44,252.64,164.05
2019-01-24,10.99,123.76,253.12,164.24
2019-01-25,11.01,123.49,252.53,165.33
2019-01-28,11.06,123.32,252.11,164.71
2019-01-29,11.16,123.58,253.72,164.38
2019-01-30,11.12,124.13,253.4,165.38
2019-01-31,11.24,124.35,254.91,166.17
2019-02-01,11.16,124.37,254.97,166.14
2019-02-04,11.17,124.49,255.22,166.84
2019-02-05,11.22,124.23,256.29,167.23
2019-02-06,11.25,124.52,257.52,168.32
2019-02-07,11.24,124.9,257.68,168.55
2019-02-08,11.24,124.88,257.63,169.36
2019-02-11,11.24,124.86,257.83,171.17
2019-02-12,11.22,125.05,258.34,171.72
2019-02-13,11.28,125.03,259.29,171.95
2019-02-14,11.32,125.13,259.54,172.58
2019-02-15,11.3,125.88,260.27,172.55
2019-02-18,11.37,125.92,261.81,174.23
2019-02-19,11.4,125.93,262.36,174.53
2019-02-20,11.46,125.85,262.86,174.56
2019-02-21,11.51,126.19,261.92,174.22
2019-02-22,11.49,126.25,260.11,175.11
2019-02-25,11.47,126.17,260.66,175.85
2019-02-26,11.53,126.68,260.84,175.73
2019-02-27,11.58,127.23,260.69,176.29
2019-02-28,11.6,127.17,261.13,175.53
2019-03-01,11.62,126.71,261.34,175.84
2019-03-04,11.71,127.14,262.48,176.32
2019-03-05,11.69,127.05,262.8,177.6
2019-03-06,11.74,127.4,262.46,177.31
2019-03-07,11.75,126.92,263.5,176.69
2019-03-08,11.76,127.31,263.58,176.31
2019-03-11,11.83,127.06,264.25,175.66
2019-03-12,11.9,127.4,264.13,176.7
2019-03-13,11.96,127.52,263.87,177.89
2019-03-14,12.05,127.34,264.19,178.29
2019-03-15,12.07,127.34,264.46,179.27
2019-03-18,12.12,127.66,265.09,179.56
2019-03-19,12.13,127.81,265.14,179.69
2019-03-20,12.16,128.11,263.93,179.68
2019-03-21,12.17,128.84,263.85,179.68
2019-03-22,12.2,128.47,264.73,178.87
2019-03-25,12.25,129.09,264.75,179.24
2019-03-26,12.23,129.24,264.81,179.41
2019-03-27,12.36,129.08,265.85,180.1
2019-03-28,12.32,128.79,265.54,180.36
2019-03-29,12.28,128.85,264.57,180.45
2019-04-01,12.36,129.25,264.7,180.08
2019-04-02,12.42,129.33,264.57,180.33
2019-04-03,12.48,129.92,264.06,181.01
2019-04-04,12.53,129.59,264.17,180.46
2019-04-05,12.55,129.7,264.82,180.72
2019-04-08,12.52,129.43,265.07,181.07
2019-04-09,12.54,129.66,265.57,180.8
2019-04-10,12.53,130.06,267.27,180.62
2019-04-11,12.6,130.05,267.26,180.97
2019-04-12,12.61,129.36,267.74,180.43
2019-04-15,12.58,129.54,267.59,180.86
2019-04-16,12.59,129.79,267.17,180.48
2019-04-17,12.63,130.04,266.95,181.37
2019-04-18,12.62,130.54,266.83,183.11
2019-04-19,12.59,130.33,267.38,182.74
2019-04-22,12.62,130.66,269.53,183.29
2019-04-23,12.66,131.16,269.21,183.02
2019-04-24,12.65,130.72,269.13,183.91
2019-04-25,12.64,130.94,269.34,183.27
2019-04-26,12.67,130.9,269.92,183.79
2019-04-29,12.61,131.0,270.39,183.42
2019-04-30,12.55,131.23,271.7,183.49
2019-05-01,12.53,131.19,269.99,183.01
2019-05-02,12.54,131.1,268.32,183.75
2019-05-03,12.58,131.23,268.18,183.4
2019-05-06,12.68,131.01,269.33,183.97
2019-05-07,12.75,130.79,268.32,183.95
2019-05-08,12.76,131.12,266.17,184.07
2019-05-09,12.78,130.88,266.88,184.38
2019-05-10,12.74,131.21,267.34,184.07
2019-05-13,12.76,131.48,266.72,184.42
2019-05-14,12.76,131.06,266.19,185.64
2019-05-15,12.8,130.96,265.67,185.33
2019-05-16,12.77,131.46,266.02,186.32
2019-05-17,12.82,131.27,265.78,187.53
2019-05-20,12.93,131.24,266.43,187.19
2019-05-21,12.95,131.51,264.41,186.41
2019-05-22,12.99,131.88,263.99,186.82
2019-05-23,13.05,131.92,263.35,186.66
2019-05-24,13.05,131.85,263.4,188.13
2019-05-27,13.08,132.43,263.23,188.36
2019-05-28,13.1,133.1,264.12,188.03
2019-05-29,13.13,133.54,262.9,187.46
2019-05-30,13.11,133.69,263.19,188.4
2019-05-31,13.13,133.55,263.89,188.22
2019-06-03,13.18,133.41,265.62,188.46
2019-06-04,13.28,133.7,265.49,189.32
2019-06-05,13.36,133.96,266.0,189.2
2019-06-06,13.51,134.53,264.82,189.38
2019-06-07,13.49,134.86,263.18,189.57
2019-06-10,13.56,134.5,264.11,190.25
2019-06-11,13.6,134.97,264.36,190.87
2019-06-12,13.75,134.77,265.55,190.93
2019-06-13,13.72,134.77,264.71,191.18
2019-06-14,13.69,134.97,265.38,191.14
2019-06-17,13.68,135.74,267.13,190.33
2019-06-18,13.57,136.89,267.73,190.72
2019-06-19,13.56,137.21,268.21,192.24
2019-06-20,13.53,137.28,268.47,191.84
2019-06-21,13.56,137.58,267.47,191.52
2019-06-24,13.61,138.0,268.82,191.13
2019-06-25,13.74,138.02,268.59,191.84
2019-06-26,13.82,138.74,269.25,192.36
2019-06-27,13.81,138.95,268.25,192.46
2019-06-28,13.77,139.24,267.56,192.04
2019-07-01,13.2,139.59,268.98,192.32
2019-07-02,13.31,139.86,268.96,191.45
2019-07-03,13.39,140.27,270.39,191.76
2019-07-04,13.37,140.2,270.59,192.57
2019-07-05,13.27,140.14,269.36,191.92
2019-07-08,13.35,139.9,270.34,191.08
2019-07-09,13.35,140.17,270.12,192.38
2019-07-10,13.43,140.56,270.95,192.17
2019-07-11,13.34,140.85,271.23,193.17
2019-07-12,13.31,141.54,270.24,193.27
2019-07-15,13.31,141.67,270.64,193.37
2019-07-16,13.32,142.03,272.69,193.89
2019-07-17,13.3,141.79,273.35,193.49
2019-07-18,13.34,141.79,273.57,193.8
2019-07-19,13.28,142.15,274.72,193.75
2019-07-22,13.27,142.58,275.16,193.04
2019-07-23,13.29,142.61,275.6,193.49
2019-07-24,13.32,142.71,274.96,193.52
2019-07-25,13.37,142.32,275.42,193.62
2019-07-26,13.3,142.33,276.55,192.99
2019-07-29,13.22,142.77,276.12,194.32
2019-07-30,13.3,143.1,277.57,195.15
2019-07-31,13.32,143.4,277.76,196.04
2019-08-01,13.28,143.55,277.29,196.04
2019-08-02,13.38,143.68,278.39,195.04
2019-08-05,13.39,143.59,278.42,196.64
2019-08-06,13.47,143.96,279.32,196.81
2019-08-07,13.48,144.24,279.35,196.5
2019-08-08,13.61,144.54,279.57,197.01
2019-08-09,13.72,144.49,280.25,198.06
2019-08-12,13.71,143.88,280.77,198.26
2019-08-13,13.77,144.39,279.36,199.39
2019-08-14,13.82,144.36,278.69,200.39
2019-08-15,13.91,144.19,279.74,199.84
2019-08-16,13.85,144.57,279.9,199.58
2019-08-19,13.9,144.56,279.73,200.49
2019-08-20,13.97,145.06,278.86,198.76
2019-08-21,13.86,145.41,278.23,198.87
2019-08-22,13.8,145.79,276.81,198.07
2019-08-23,13.67,145.44,277.0,197.95
2019-08-26,13.66,146.0,276.77,197.95
2019-08-27,13.71,146.23,276.23,197.92
2019-08-28,13.81,146.23,276.44,197.74
2019-08-29,13.82,146.41,277.01,197.18
2019-08-30,13.92,145.93,279.02,199.03
2019-09-02,13.84,142.3,278.03,200.6
2019-09-03,13.74,142.06,279.27,199.98
2019-09-04,13.74,141.7,280.35,201.34
2019-09-05,13.77,141.29,279.97,201.28
2019-09-06,13.77,141.77,280.41,201.59
2019-09-09,13.65,141.67,280.3,201.77
2019-09-10,13.65,142.3,280.72,201.51
2019-09-11,13.57,142.22,282.27,202.45
2019-09-12,13.62,141.74,283.06,202.77
2019-09-13,13.65,141.47,283.76,202.65
2019-09-16,13.59,142.0,283.67,201.92
2019-09-17,13.57,142.05,282.68,201.49
2019-09-18,13.51,141.97,282.78,200.53
2019-09-19,13.51,142.13,284.08,200.76
2019-09-20,13.57,142.41,283.05,200.12
2019-09-23,13.51,142.9,282.43,200.14
2019-09-24,13.55,143.5,282.81,201.36
2019-09-25,13.52,143.49,282.25,202.45
2019-09-26,13.48,143.14,281.85,202.65
2019-09-27,13.48,143.1,281.76,202.81
2019-09-30,13.42,143.3,280.88,204.42
2019-10-01,13.39,143.08,280.33,205.03
2019-10-02,13.32,142.85,281.2,205.01
2019-10-03,13.44,143.08,280.37,204.19
2019-10-04,13.45,143.17,279.3,204.7
2019-10-07,13.41,143.29,279.04,205.54
2019-10-08,13.43,143.14,279.92,205.3
2019-10-09,13.43,143.16,280.03,205.74
2019-10-10,13.42,142.95,279.91,205.7
2019-10-11,13.46,143.37,280.21,205.79
2019-10-14,13.51,143.83,279.02,204.18
2019-10-15,13.48,143.3,279.7,204.24
2019-10-16,13.45,143.09,280.3,205.19
2019-10-17,13.44,142.68,280.22,204.95
2019-10-18,13.31,142.57,281.34,205.21
2019-10-21,13.22,142.65,280.66,204.88
2019-10-22,13.31,142.26,281.88,205.37
2019-10-23,13.41,142.05,282.29,205.44
2019-10-24,13.4,141.81,282.28,204.97
2019-10-25,13.44,141.99,282.53,206.18
2019-10-28,13.46,142.12,282.71,207.1
2019-10-29,13.66,141.98,284.02,206.88
2019-10-30,13.73,142.15,283.38,207.48
2019-10-31,13.73,142.07,283.01,208.11
2019-11-01,13.67,142.08,284.16,208.83
2019-11-04,13.58,142.76,283.93,207.79
2019-11-05,13.59,143.33,284.97,208.77
2019-11-06,13.55,142.99,286.7,208.57
2019-11-07,13.47,143.38,286.64,208.54
2019-11-08,13.44,143.77,287.5,210.76
2019-11-11,13.38,143.48,286.78,211.22
2019-11-12,13.48,143.87,287.71,211.16
2019-11-13,13.54,144.51,288.16,209.72
2019-11-14,13.54,144.23,288.85,211.01
2019-11-15,13.64,144.02,288.57,210.22
2019-11-18,13.65,144.48,287.41,209.69
2019-11-19,13.6,144.68,288.12,209.67
2019-11-20,13.7,144.98,286.62,210.98
2019-11-21,13.74,145.21,286.63,211.8
2019-11-22,13.68,145.46,287.71,211.91
2019-11-25,13.67,145.1,288.16,212.38
2019-11-26,13.62,145.58,290.13,212.16
2019-11-27,13.54,146.1,291.3,212.5
2019-11-28,13.6,146.13,291.01,212.79
2019-11-29,13.72,146.22,291.32,213.77
2019-12-02,13.64,145.79,291.56,214.75
2019-12-03,13.68,146.08,290.46,215.37
2019-12-04,13.65,146.39,289.92,215.33
2019-12-05,13.62,146.48,289.71,216.15
2019-12-06,13.59,146.99,288.22,216.31
2019-12-09,13.54,146.98,288.54,215.71
2019-12-10,13.55,147.29,288.6,215.64
2019-12-11,13.5,147.04,287.44,215.94
2019-12-12,13.52,147.14,288.06,216.89
2019-12-13,13.52,147.19,288.96,216.98
2019-12-16,13.51,147.38,289.44,216.28
2019-12-17,13.46,147.36,289.44,216.56
2019-12-18,13.43,147.42,290.23,216.89
2019-12-19,13.48,147.83,291.1,217.28
2019-12-20,13.52,147.78,291.65,218.24
2019-12-23,13.46,147.32,291.21,219.28
2019-12-24,13.47,148.05,291.74,219.06
2019-12-25,13.52,148.66,293.07,218.81
2019-12-26,13.43,148.31,292.83,218.23
2019-12-27,13.46,148.66,294.96,219.03
2019-12-30,13.43,148.6,294.78,220.42
2019-12-31,13.47,148.8,321.0,213.0
2020-01-01,13.43,149.02,322.71,217.62
2020-01-02,13.8,152.0,324.0,220.0
2020-01-03,13.47,151.98,320.81,218.07
2020-01-06,13.17,151.88,318.81,217.62
2020-01-07,12.8,151.82,317.65,215.91
2020-01-08,12.54,152.03,316.16,214.06
2020-01-09,12.15,152.0,311.85,212.83
2020-01-10,11.85,152.49,311.69,211.42
2020-01-13,11.51,153.27,309.9,210.3
2020-01-14,11.2,153.29,307.14,208.27
2020-01-15,10.94,153.62,305.25,208.05
2020-01-16,10.64,154.04,303.39,207.95
2020-01-17,10.37,154.45,300.79,205.56
2020-01-20,10.16,154.72,298.98,205.36
2020-01-21,9.9,155.24,296.46,203.84
2020-01-22,9.7,155.66,294.14,203.54
2020-01-23,9.42,155.44,291.6,202.57
2020-01-24,9.22,156.0,288.43,201.68
2020-01-27,9.06,156.58,286.64,200.64
2020-01-28,8.74,156.53,285.25,200.61
2020-01-29,8.5,156.79,283.8,198.81
2020-01-30,8.32,157.29,282.62,198.35
2020-01-31,8.12,157.45,281.03,198.24
2020-02-03,7.94,158.1,278.72,197.85
2020-02-04,7.73,159.25,277.58,198.61
2020-02-05,7.55,159.2,274.62,197.34
2020-02-06,7.36,158.91,272.07,197.13
2020-02-07,7.23,159.28,269.49,196.16
2020-02-10,7.06,159.8,268.58,196.15
2020-02-11,6.9,159.96,267.56,195.26
2020-02-12,6.73,160.77,266.18,194.1
2020-02-13,6.55,160.5,265.27,194.14
2020-02-14,6.39,161.01,262.82,192.92
2020-02-17,6.24,161.03,261.36,191.08
2020-02-18,6.08,161.95,259.53,189.86
2020-02-19,5.95,162.97,258.47,189.43
2020-02-20,5.86,162.93,256.68,189.52
2020-02-21,5.74,162.96,254.69,188.74
2020-02-24,5.6,163.55,253.41,188.78
2020-02-25,5.49,163.65,252.4,187.01
2020-02-26,5.35,163.89,250.23,185.87
2020-02-27,5.18,164.15,248.53,184.84
2020-02-28,5.03,163.65,246.1,183.93
2020-03-02,4.87,163.9,242.65,183.15
2020-03-03,4.75,163.88,241.19,182.78
2020-03-04,4.64,163.94,240.04,181.67
2020-03-05,4.56,164.77,238.64,180.94
2020-03-06,4.46,164.52,235.68,180.09
2020-03-09,4.35,165.1,233.87,178.68
2020-03-10,4.26,165.25,230.78,177.8
2020-03-11,4.12,165.39,230.2,176.91
2020-03-12,4.02,165.96,227.94,176.01
2020-03-13,3.94,166.35,227.29,175.23
2020-03-16,3.82,166.84,226.42,174.49
2020-03-17,3.75,167.49,224.32,173.43
2020-03-18,3.67,167.61,222.08,173.44
2020-03-19,3.57,167.63,220.85,171.93
2020-03-20,3.5,167.45,218.83,170.71
2020-03-23,3.45,167.38,222.0,170.0
2020-03-24,3.37,168.83,221.75,169.97
2020-03-25,3.29,169.59,221.2,171.23
2020-03-26,3.21,169.31,222.29,170.76
2020-03-27,3.12,169.03,222.85,171.42
2020-03-30,3.06,169.49,223.42,173.57
2020-03-31,2.97,169.97,224.84,173.42
2020-04-01,2.9,170.46,226.58,173.01
2020-04-02,2.83,170.62,227.35,172.89
2020-04-03,2.77,170.83,228.08,174.27
2020-04-06,2.71,171.23,229.39,175.81
2020-04-07,2.65,171.53,229.42,176.31
2020-04-08,2.58,170.89,230.55,177.58
2020-04-09,2.52,171.06,231.9,179.32
2020-04-10,2.45,170.97,233.36,181.33
2020-04-13,2.39,171.31,232.99,182.03
2020-04-14,2.33,172.81,233.44,181.38
2020-04-15,2.29,173.23,233.81,181.7
2020-04-16,2.22,173.37,234.87,182.28
2020-04-17,2.18,174.02,236.2,182.97
2020-04-20,2.14,174.49,238.27,183.72
2020-04-21,2.11,174.94,238.92,185.33
2020-04-22,2.13,175.46,239.57,187.06
2020-04-23,2.14,176.61,241.41,187.83
2020-04-24,2.15,176.4,242.65,189.47
2020-04-27,2.19,176.87,244.6,190.61
2020-04-28,2.23,176.75,245.85,191.56
2020-04-29,2.26,177.26,246.03,193.1
2020-04-30,2.29,177.15,246.09,194.06
2020-05-01,2.3,177.24,245.98,196.43
2020-05-04,2.36,177.39,247.51,196.34
2020-05-05,2.39,178.08,249.44,196.9
2020-05-06,2.42,178.75,251.89,197.75
2020-05-07,2.46,178.5,253.6,199.0
2020-05-08,2.49,178.8,255.56,200.85
2020-05-11,2.53,178.77,256.19,201.79
2020-05-12,2.55,178.51,256.38,201.71
2020-05-13,2.59,178.69,258.13,203.28
2020-05-14,2.64,178.83,259.54,204.79
2020-05-15,2.69,180.16,260.72,204.33
2020-05-18,2.74,180.62,262.13,205.3
2020-05-19,2.77,180.31,263.49,205.09
2020-05-20,2.79,180.34,265.63,205.57
2020-05-21,2.82,181.06,267.79,205.87
2020-05-22,2.86,182.25,269.36,207.45
2020-05-25,2.91,181.84,271.18,208.52
2020-05-26,2.92,181.3,272.75,208.54
2020-05-27,2.98,182.4,273.52,210.19
2020-05-28,3.02,182.86,275.3,210.1
2020-05-29,3.05,182.76,275.31,211.34
2020-06-01,3.07,183.28,277.35,211.72
2020-06-02,3.09,182.4,277.53,212.45
2020-06-03,3.14,182.69,278.94,213.84
2020-06-04,3.18,183.11,279.41,215.25
2020-06-05,3.2,183.8,281.06,217.32
2020-06-08,3.22,183.64,282.22,218.28
2020-06-09,3.25,183.96,282.06,219.56
2020-06-10,3.32,183.84,283.61,220.25
2020-06-11,3.36,184.24,284.31,221.44
2020-06-12,3.38,184.13,286.27,222.84
2020-06-15,3.41,184.23,287.48,223.81
2020-06-16,3.45,184.08,289.04,223.42
2020-06-17,3.45,184.65,289.43,224.74
2020-06-18,3.49,185.32,290.13,226.1
2020-06-19,3.53,185.5,290.96,226.62
2020-06-22,3.59,185.8,292.94,226.64
2020-06-23,3.66,185.45,295.66,228.93
2020-06-24,3.73,185.6,296.2,230.42
2020-06-25,3.77,185.86,298.41,231.32
2020-06-26,3.8,187.33,297.73,231.46
2020-06-29,3.89,187.12,297.92,231.87
2020-06-30,3.94,188.07,298.32,234.06
2020-07-01,3.99,188.81,298.36,235.29
2020-07-02,4.04,189.23,298.21,235.93
2020-07-03,4.09,190.32,299.84,237.49
2020-07-06,4.14,190.79,300.91,237.91
2020-07-07,4.18,191.26,302.53,240.33
2020-07-08,4.22,191.53,304.44,242.65
2020-07-09,4.27,192.39,305.97,243.39
2020-07-10,4.32,193.2,307.87,243.99
2020-07-13,4.36,193.21,309.1,242.84
2020-07-14,4.41,192.9,309.3,242.7
2020-07-15,4.46,193.1,311.6,242.67
2020-07-16,4.55,193.03,312.36,243.94
2020-07-17,4.55,193.3,312.8,244.81
2020-07-20,4.63,194.17,313.96,244.78
2020-07-21,4.71,194.26,314.42,245.69
2020-07-22,4.73,194.54,315.36,247.3
2020-07-23,4.78,194.87,317.02,248.94
2020-07-24,4.83,195.57,318.69,248.42
2020-07-27,4.86,194.82,319.18,249.48
2020-07-28,4.9,194.84,320.06,249.41
2020-07-29,4.94,195.24,322.45,251.41
2020-07-30,5.04,196.1,324.29,253.31
2020-07-31,5.12,196.18,327.7,253.69
2020-08-03,5.2,195.6,330.0,265.0
2020-08-04,5.21,196.19,331.51,264.98
2020-08-05,5.19,196.2,330.51,263.25
2020-08-06,5.17,195.94,331.64,263.98
2020-08-07,5.18,193.5,331.97,264.14
2020-08-10,5.15,192.98,331.79,265.48
2020-08-11,5.16,191.73,332.34,264.85
2020-08-12,5.16,191.91,333.66,264.67
2020-08-13,5.14,192.26,334.54,263.65
2020-08-14,5.16,192.32,334.04,263.12
2020-08-17,5.17,191.56,335.16,262.41
2020-08-18,5.16,191.24,334.9,263.77
2020-08-19,5.18,191.0,335.5,263.52
2020-08-20,5.15,191.04,335.58,264.05
2020-08-21,5.17,191.11,335.74,264.1
2020-08-24,5.18,190.54,336.89,263.31
2020-08-25,5.17,190.35,336.22,263.57
2020-08-26,5.17,190.32,338.57,264.55
2020-08-27,5.14,190.75,337.11,263.82
2020-08-28,5.16,190.84,336.89,265.0
2020-08-31,5.15,190.97,337.65,264.61
2020-09-01,5.14,190.78,338.62,264.57
2020-09-02,5.16,191.19,338.9,265.49
2020-09-03,5.14,191.14,339.23,265.27
2020-09-04,5.11,190.51,340.03,265.72
2020-09-07,5.07,190.92,340.18,265.84
2020-09-08,5.08,191.01,342.0,266.38
2020-09-09,5.05,190.57,343.25,264.52
2020-09-10,5.09,190.12,344.54,263.2
2020-09-11,5.04,190.02,343.93,264.2
2020-09-14,5.07,190.0,344.24,265.61
2020-09-15,5.08,189.86,344.32,265.15
2020-09-16,5.07,189.77,343.67,265.34
2020-09-17,5.06,190.31,344.43,266.04
2020-09-18,5.07,190.57,344.27,267.12
2020-09-21,5.06,190.42,345.34,265.59
2020-09-22,5.08,190.62,344.62,265.16
2020-09-23,5.09,189.91,346.8,265.26
2020-09-24,5.09,189.86,346.26,266.35
2020-09-25,5.08,190.45,346.88,269.18
2020-09-28,5.07,190.12,348.1,269.38
2020-09-29,5.08,189.5,347.9,268.44
2020-09-30,5.04,188.97,349.18,269.26
2020-10-01,5.0,188.25,348.29,270.97
2020-10-02,5.02,187.66,350.21,271.5
2020-10-05,5.02,187.27,350.62,271.04
2020-10-06,5.01,186.41,350.39,272.4
2020-10-07,5.01,186.19,350.48,273.48
2020-10-08,5.02,186.36,351.73,272.9
2020-10-09,5.0,185.73,351.51,273.71
2020-10-12,4.98,186.18,351.12,275.12
2020-10-13,4.98,186.18,351.28,276.73
2020-10-14,4.96,186.41,350.44,277.1
2020-10-15,4.97,185.89,352.76,277.18
2020-10-16,4.93,186.04,352.56,278.84
2020-10-19,4.95,185.33,353.84,278.07
2020-10-20,4.96,185.5,354.47,278.94
2020-10-21,4.96,185.35,353.82,278.01
2020-10-22,4.98,185.37,354.22,279.52
2020-10-23,5.01,184.62,355.45,279.69
2020-10-26,5.04,184.0,355.66,281.42
2020-10-27,4.99,184.03,357.34,282.36
2020-10-28,4.96,183.39,358.84,281.56
2020-10-29,4.94,183.37,360.24,283.45
2020-10-30,4.94,182.55,360.15,285.49
2020-11-02,4.95,182.69,359.39,286.85
2020-11-03,4.93,181.93,359.14,286.51
2020-11-04,4.94,181.95,359.76,286.65
2020-11-05,4.92,182.0,360.76,287.25
2020-11-06,4.9,181.47,358.82,286.97
2020-11-09,4.87,181.5,359.22,289.18
2020-11-10,4.85,181.39,359.8,289.78
2020-11-11,4.81,180.94,359.91,287.43
2020-11-12,4.79,180.28,361.71,288.23
2020-11-13,4.81,179.21,362.58,288.32
2020-11-16,4.79,179.14,364.42,288.7
2020-11-17,4.84,178.25,364.6,288.77
2020-11-18,4.85,178.08,366.04,290.06
2020-11-19,4.85,177.75,368.26,291.69
2020-11-20,4.83,177.82,370.13,292.45
2020-11-23,4.85,177.47,369.34,292.55
2020-11-24,4.83,177.11,369.48,292.97
2020-11-25,4.83,177.21,369.51,293.45
2020-11-26,4.89,177.13,370.48,293.06
2020-11-27,4.88,177.05,371.66,294.14
2020-11-30,4.9,177.03,371.15,295.09
2020-12-01,4.89,175.0,371.65,297.19
2020-12-02,4.88,175.2,369.82,299.01
2020-12-03,4.92,174.72,371.84,298.74
2020-12-04,4.9,174.56,371.69,300.1
2020-12-07,4.94,174.49,372.18,299.54
2020-12-08,4.96,174.38,372.25,300.76
2020-12-09,4.94,174.47,373.96,300.68
2020-12-10,4.95,175.01,371.21,300.04
2020-12-11,4.97,175.41,371.61,300.82
2020-12-14,4.98,174.8,371.92,298.4
2020-12-15,4.95,175.01,371.83,296.99
2020-12-16,4.93,175.52,374.19,297.27
2020-12-17,4.92,175.62,373.62,297.83
2020-12-18,4.92,176.03,374.91,297.9
2020-12-21,4.93,176.82,375.73,296.68
2020-12-22,4.93,177.2,377.59,296.27
2020-12-23,4.9,177.25,377.26,297.15
2020-12-24,4.91,177.64,376.86,298.24
2020-12-25,4.92,177.65,378.53,298.7
2020-12-28,4.93,177.6,379.44,300.41
2020-12-29,4.95,177.4,378.12,301.32
2020-12-30,4.96,178.01,377.93,300.98
2020-12-31,4.97,177.6,373.0,314.0
2021-01-01,4.97,178.2,372.59,314.17
2021-01-04,4.95,178.36,369.7,315.72
2021-01-05,4.98,177.71,370.63,316.8
2021-01-06,5.01,177.81,369.62,318.69
2021-01-07,5.0,176.86,367.74,318.64
2021-01-08,5.0,177.07,364.97,320.49
2021-01-11,5.05,177.39,366.21,320.56
2021-01-12,5.07,177.08,366.69,322.56
2021-01-13,5.11,177.08,366.79,322.84
2021-01-14,5.13,177.86,368.67,323.96
2021-01-15,5.16,177.58,369.72,325.99
2021-01-18,5.2,177.08,371.87,326.06
2021-01-19,5.22,177.65,370.67,326.62
2021-01-20,5.24,178.44,370.98,328.45
2021-01-21,5.26,178.38,369.53,328.59
2021-01-22,5.27,178.76,369.63,327.34
2021-01-25,5.29,179.28,369.7,330.18
2021-01-26,5.32,178.9,370.74,329.93
2021-01-27,5.33,178.64,371.14,330.42
2021-01-28,5.39,179.11,372.19,332.11
2021-01-29,5.39,179.78,373.33,331.69
2021-02-01,5.41,179.97,376.1,330.79
2021-02-02,5.42,179.53,376.1,331.4
2021-02-03,5.49,180.33,375.39,329.58
2021-02-04,5.52,180.05,376.03,329.54
2021-02-05,5.57,179.84,375.48,330.14
2021-02-08,5.56,179.94,377.5,330.12
2021-02-09,5.59,180.55,377.54,328.6
2021-02-10,5.64,180.87,377.25,330.8
2021-02-11,5.67,180.99,377.08,331.23
2021-02-12,5.72,181.13,378.25,333.25
2021-02-15,5.73,181.1,378.42,333.24
2021-02-16,5.8,181.28,378.05,332.5
2021-02-17,5.88,180.13,380.3,333.13
2021-02-18,5.9,179.94,379.69,333.18
2021-02-19,5.92,179.99,380.08,332.08
2021-02-22,5.98,179.44,381.19,334.15
2021-02-23,6.05,179.55,379.68,333.71
2021-02-24,6.07,179.4,380.59,331.81
2021-02-25,6.08,180.1,379.75,333.71
2021-02-26,6.11,180.73,381.04,333.42
2021-03-01,6.1,180.47,380.3,333.0
2021-03-02,6.1,180.35,381.45,331.2
2021-03-03,6.1,180.26,383.08,333.59
2021-03-04,6.11,180.01,384.43,332.35
2021-03-05,6.14,180.04,385.09,332.73
2021-03-08,6.17,179.65,385.18,334.13
2021-03-09,6.24,179.11,384.88,334.95
2021-03-10,6.24,179.32,386.95,335.19
2021-03-11,6.3,179.53,386.5,333.45
2021-03-12,6.32,179.13,385.66,332.79
2021-03-15,6.35,179.46,386.8,333.32
2021-03-16,6.4,179.13,386.24,332.69
2021-03-17,6.4,179.19,385.5,333.24
2021-03-18,6.44,179.48,384.2,334.37
2021-03-19,6.47,179.41,384.0,335.84
2021-03-22,6.52,179.55,384.27,334.67
2021-03-23,6.56,179.27,384.91,337.64
2021-03-24,6.66,179.13,386.38,338.89
2021-03-25,6.67,178.99,387.35,339.2
2021-03-26,6.69,178.61,387.5,340.85
2021-03-29,6.7,178.48,387.63,344.09
2021-03-30,6.71,177.76,388.59,342.63
2021-03-31,6.73,177.5,390.44,342.67
2021-04-01,6.79,177.32,390.96,340.06
2021-04-02,6.87,177.15,390.78,340.61
2021-04-05,6.88,177.0,389.98,341.38
2021-04-06,6.89,176.91,388.66,341.65
2021-04-07,6.94,177.06,389.81,341.16
2021-04-08,6.95,177.38,390.85,338.96
2021-04-09,7.0,177.05,391.9,339.74
2021-04-12,7.04,176.48,392.12,341.84
2021-04-13,7.03,175.98,394.15,341.43
2021-04-14,7.11,175.72,393.95,342.29
2021-04-15,7.2,175.52,395.45,340.68
2021-04-16,7.21,175.14,395.78,341.55
2021-04-19,7.24,174.54,395.43,341.39
2021-04-20,7.28,174.3,396.5,340.77
2021-04-21,7.32,174.32,397.37,340.15
2021-04-22,7.38,174.51,398.17,339.98
2021-04-23,7.48,174.22,398.64,340.77
2021-04-26,7.51,174.0,398.97,339.48
2021-04-27,7.52,173.56,402.22,339.31
2021-04-28,7.51,173.49,404.03,339.57
2021-04-29,7.52,173.08,405.29,338.54
2021-04-30,7.55,173.26,405.81,341.06
2021-05-03,7.65,172.47,407.42,340.33
2021-05-04,7.66,172.27,408.44,339.82
2021-05-05,7.71,172.34,408.85,338.94
2021-05-06,7.74,172.36,408.87,341.46
2021-05-07,7.82,173.42,409.15,342.46
2021-05-10,7.95,173.51,405.66,341.62
2021-05-11,7.97,173.04,406.3,343.3
2021-05-12,7.99,172.95,406.09,343.87
2021-05-13,8.06,172.16,408.42,344.51
2021-05-14,8.12,172.07,408.83,344.4
2021-05-17,8.23,171.67,407.75,343.79
2021-05-18,8.29,172.0,408.08,344.53
2021-05-19,8.31,171.72,407.18,344.17
2021-05-20,8.37,171.61,408.15,346.75
2021-05-21,8.46,171.3,408.89,345.49
2021-05-24,8.53,171.96,410.45,347.73
2021-05-25,8.59,171.77,409.86,347.91
2021-05-26,8.67,172.48,410.29,348.61
2021-05-27,8.75,172.76,409.0,349.98
2021-05-28,8.85,172.91,410.25,349.51
2021-05-31,8.92,173.0,411.27,350.93
2021-06-01,8.1,168.0,412.28,347.85
2021-06-02,8.17,168.01,412.67,347.27
2021-06-03,8.16,168.48,413.57,346.44
2021-06-04,8.2,168.59,415.96,345.2
2021-06-07,8.21,168.14,415.99,345.25
2021-06-08,8.23,168.25,416.56,346.05
2021-06-09,8.3,169.06,415.59,347.25
2021-06-10,8.33,169.7,414.9,347.87
2021-06-11,8.36,169.8,415.42,347.36
2021-06-14,8.33,170.31,417.19,348.14
2021-06-15,8.39,170.29,417.26,348.62
2021-06-16,8.43,169.72,417.36,350.13
2021-06-17,8.54,169.47,417.24,351.43
2021-06-18,8.55,170.23,416.97,351.8
2021-06-21,8.59,170.25,417.73,350.99
2021-06-22,8.62,170.28,416.25,350.49
2021-06-23,8.71,170.28,418.25,350.12
2021-06-24,8.73,171.19,417.8,350.05
2021-06-25,8.77,171.99,419.11,350.71
2021-06-28,8.81,173.03,417.9,351.94
2021-06-29,8.85,173.1,419.14,352.2
2021-06-30,8.86,173.35,420.38,352.55
2021-07-01,8.89,172.85,421.26,353.06
2021-07-02,8.96,173.59,420.4,352.73
2021-07-05,8.94,173.23,421.11,351.88
2021-07-06,8.97,173.45,420.02,349.99
2021-07-07,8.97,173.13,420.1,349.44
2021-07-08,9.04,173.01,421.79,350.36
2021-07-09,9.01,172.79,423.2,349.8
2021-07-12,9.01,172.67,423.62,349.82
2021-07-13,9.05,172.57,422.78,350.74
2021-07-14,9.14,172.47,424.0,351.72
2021-07-15,9.17,172.95,424.42,350.68
2021-07-16,9.17,172.62,421.88,352.27
2021-07-19,9.28,172.84,423.27,354.03
2021-07-20,9.24,173.47,423.63,352.92
2021-07-21,9.18,173.39,425.57,352.2
2021-07-22,9.22,173.22,424.57,354.04
2021-07-23,9.23,173.25,420.94,354.19
2021-07-26,9.21,173.87,421.69,351.69
2021-07-27,9.27,174.09,422.46,350.25
2021-07-28,9.3,173.99,420.72,350.26
2021-07-29,9.31,174.33,419.88,349.12
2021-07-30,9.28,173.99,423.76,348.92
2021-08-02,9.34,174.41,423.77,349.29
2021-08-03,9.4,174.71,425.1,351.46
2021-08-04,9.42,174.71,424.67,351.42
2021-08-05,9.53,174.49,422.42,353.1
2021-08-06,9.51,174.25,422.6,355.25
2021-08-09,9.47,174.6,422.66,357.42
2021-08-10,9.47,175.25,422.55,358.12
2021-08-11,9.49,175.11,422.81,355.93
2021-08-12,9.53,175.44,423.54,356.85
2021-08-13,9.55,174.69,423.75,358.53
2021-08-16,9.59,174.57,422.54,358.76
2021-08-17,9.57,174.69,423.56,361.36
2021-08-18,9.66,174.44,421.49,362.81
2021-08-19,9.68,174.18,419.3,363.89
2021-08-20,9.76,174.03,420.62,365.66
2021-08-23,9.8,174.28,421.66,366.44
2021-08-24,9.85,174.33,421.98,363.5
2021-08-25,9.9,173.53,420.62,363.19
2021-08-26,9.95,172.78,420.12,365.09
2021-08-27,10.01,172.65,420.19,364.37
2021-08-30,10.1,172.97,418.57,364.42
2021-08-31,10.14,171.96,418.04,363.38
2021-09-01,10.2,171.88,419.25,366.06
2021-09-02,10.22,171.8,421.45,368.63
2021-09-03,10.32,172.5,421.32,367.8
2021-09-06,10.32,172.47,422.67,368.34
2021-09-07,10.43,172.75,420.65,367.78
2021-09-08,10.46,172.94,421.88,368.93
2021-09-09,10.42,172.19,421.26,369.95
2021-09-10,10.46,172.63,422.05,371.38
2021-09-13,10.46,172.85,422.13,372.17
2021-09-14,10.53,173.19,424.2,376.47
2021-09-15,10.53,174.96,423.49,375.43
2021-09-16,10.54,174.22,424.69,373.47
2021-09-17,10.48,175.07,424.73,373.29
2021-09-20,10.48,175.08,424.93,371.53
2021-09-21,10.4,175.33,425.1,369.88
2021-09-22,10.36,175.44,424.42,368.89
2021-09-23,10.42,175.4,424.8,368.01
2021-09-24,10.49,175.29,425.12,367.09
2021-09-27,10.54,175.56,425.83,368.12
2021-09-28,10.52,175.05,426.34,367.79
2021-09-29,10.55,175.5,427.77,367.89
2021-09-30,10.58,175.45,429.36,369.42
2021-10-01,10.56,175.11,428.41,368.74
2021-10-04,10.66,175.05,429.93,368.74
2021-10-05,10.73,175.71,428.81,369.56
2021-10-06,10.75,175.61,429.97,367.33
2021-10-07,10.79,175.89,431.18,364.53
2021-10-08,10.83,175.72,429.12,365.32
2021-10-11,10.76,176.17,429.64,366.31
2021-10-12,10.78,176.59,429.44,369.38
2021-10-13,10.78,177.51,428.87,369.94
2021-10-14,10.76,177.56,431.02,371.37
2021-10-15,10.78,177.98,430.58,371.46
2021-10-18,10.89,178.16,429.94,372.2
2021-10-19,10.96,178.85,430.45,374.79
2021-10-20,10.96,178.67,431.74,372.28
2021-10-21,11.02,179.12,431.96,373.18
2021-10-22,11.12,179.17,433.89,376.41
2021-10-25,11.2,179.28,434.99,377.14
2021-10-26,11.24,179.45,432.56,379.74
2021-10-27,11.24,179.69,432.28,379.23
2021-10-28,11.3,179.78,431.96,379.54
2021-10-29,11.36,180.01,432.99,379.94
2021-11-01,11.44,180.82,430.0,377.27
2021-11-02,11.5,181.39,433.71,376.03
2021-11-03,11.59,181.9,434.81,374.9
2021-11-04,11.59,181.84,435.41,376.36
2021-11-05,11.7,181.58,437.37,377.89
2021-11-08,11.74,182.14,440.87,378.68
2021-11-09,11.89,182.66,442.44,380.16
2021-11-10,11.88,183.44,444.12,380.29
2021-11-11,12.01,183.31,444.71,382.29
2021-11-12,12.06,183.35,444.95,382.66
2021-11-15,12.06,182.76,444.73,383.09
2021-11-16,12.06,182.73,444.05,383.08
2021-11-17,12.08,183.3,443.55,384.38
2021-11-18,12.14,183.23,442.17,384.16
2021-11-19,12.2,183.65,442.49,385.87
2021-11-22,12.21,183.7,440.67,384.66
2021-11-23,12.24,183.98,441.34,383.49
2021-11-24,12.39,183.61,441.71,384.8
2021-11-25,12.53,183.79,442.32,385.03
2021-11-26,12.59,182.61,442.05,384.76
2021-11-29,12.63,182.66,446.56,386.36
2021-11-30,12.67,182.09,448.81,385.87
2021-12-01,12.74,182.75,447.56,385.95
2021-12-02,12.72,183.23,448.3,388.26
2021-12-03,12.74,183.57,447.9,390.78
2021-12-06,12.68,184.38,446.96,393.36
2021-12-07,12.74,184.1,445.59,393.33
2021-12-08,12.82,185.01,446.59,395.44
2021-12-09,12.82,185.56,446.1,394.46
2021-12-10,12.95,185.59,447.81,393.54
2021-12-13,12.92,186.24,449.57,390.58
2021-12-14,12.87,185.88,451.86,393.31
2021-12-15,12.92,185.65,451.13,392.45
2021-12-16,13.02,185.52,452.2,392.63
2021-12-17,13.16,185.42,453.48,391.71
2021-12-20,13.17,185.09,453.27,393.06
2021-12-21,13.27,185.78,452.64,392.89
2021-12-22,13.31,185.8,455.26,391.41
2021-12-23,13.33,186.09,456.0,392.4
2021-12-24,13.43,185.98,457.31,390.74
2021-12-27,13.5,185.31,456.61,389.93
2021-12-28,13.45,185.56,455.37,387.34
2021-12-29,13.58,184.85,455.02,385.72
2021-12-30,13.7,184.96,455.28,386.32
2021-12-31,13.7,184.49,477.0,400.0
2022-01-03,13.76,185.51,473.92,399.12
2022-01-04,13.83,186.05,471.66,397.47
2022-01-05,13.89,186.24,471.94,399.46
2022-01-06,13.9,186.95,472.12,401.22
2022-01-07,13.89,186.71,470.9,399.1
2022-01-10,13.93,187.09,468.79,399.03
2022-01-11,14.05,187.32,466.69,399.23
2022-01-12,14.12,187.58,465.5,397.5
2022-01-13,14.14,188.29,465.74,394.5
2022-01-14,14.23,188.76,466.38,393.62
2022-01-17,14.09,189.03,465.02,392.52
2022-01-18,14.2,188.42,462.76,391.05
2022-01-19,14.13,188.13,462.47,390.81
2022-01-20,14.15,188.22,460.68,388.91
2022-01-21,14.12,188.4,459.31,386.45
2022-01-24,14.08,188.03,460.48,385.76
2022-01-25,14.19,189.26,460.97,385.45
2022-01-26,14.2,190.09,460.54,382.98
2022-01-27,14.27,190.51,458.13,383.43
2022-01-28,14.3,190.68,457.77,380.16
2022-01-31,14.38,190.73,458.58,378.54
2022-02-01,14.42,190.44,457.41,377.36
2022-02-02,14.38,190.61,458.62,375.67
2022-02-03,14.49,190.87,459.75,374.09
2022-02-04,14.5,190.45,461.39,375.8
2022-02-07,14.44,190.74,461.16,373.83
2022-02-08,14.45,190.81,461.32,376.3
2022-02-09,14.59,190.08,462.62,376.07
2022-02-10,14.69,189.83,462.59,375.38
2022-02-11,14.71,189.79,461.24,375.2
2022-02-14,14.73,190.79,459.96,377.8
2022-02-15,14.75,191.19,459.64,375.63
2022-02-16,14.93,190.72,457.21,373.3
2022-02-17,15.0,191.08,456.37,371.48
2022-02-18,15.07,190.52,457.22,370.71
2022-02-21,15.19,191.15,453.58,367.61
2022-02-22,15.25,191.08,455.02,366.83
2022-02-23,15.27,191.18,455.91,368.27
2022-02-24,15.3,191.93,454.64,367.66
2022-02-25,15.34,191.48,454.73,366.47
2022-02-28,15.38,190.98,454.09,364.86
2022-03-01,14.2,190.86,455.12,365.24
2022-03-02,14.28,191.48,455.82,363.36
2022-03-03,14.31,190.92,453.26,364.99
2022-03-04,14.36,189.77,453.42,366.73
2022-03-07,14.26,189.71,452.5,366.27
2022-03-08,14.36,195.0,451.97,365.45
2022-03-09,14.42,194.43,450.34,366.01
2022-03-10,14.52,193.89,452.06,366.65
2022-03-11,14.37,194.08,452.83,364.79
2022-03-14,14.54,192.86,451.19,363.31
2022-03-15,14.57,192.33,448.75,360.79
2022-03-16,14.68,192.07,447.59,360.53
2022-03-17,14.65,191.93,447.54,360.61
2022-03-18,14.73,191.35,447.23,358.08
2022-03-21,14.69,191.02,448.27,356.71
2022-03-22,14.69,189.54,448.7,354.21
2022-03-23,14.86,188.9,449.37,352.29
2022-03-24,14.88,188.76,449.17,352.22
2022-03-25,14.93,187.98,446.67,350.52
2022-03-28,15.03,187.66,445.77,349.38
2022-03-29,15.1,187.53,446.56,346.58
2022-03-30,15.15,187.03,445.85,346.05
2022-03-31,15.21,186.77,445.89,345.24
2022-04-01,15.42,186.01,444.83,343.59
2022-04-04,15.45,185.58,442.83,342.6
2022-04-05,15.51,185.51,442.04,342.07
2022-04-06,15.62,185.25,441.82,340.33
2022-04-07,15.74,184.65,440.33,337.78
2022-04-08,15.86,184.42,439.39,339.24
2022-04-11,15.95,184.4,437.53,337.73
2022-04-12,15.91,183.17,438.38,336.88
2022-04-13,16.07,183.34,437.37,337.36
2022-04-14,16.02,182.87,438.66,340.93
2022-04-15,16.09,182.72,440.05,338.67
2022-04-18,16.07,182.92,439.32,338.47
2022-04-19,16.11,181.99,437.37,336.87
2022-04-20,16.17,181.35,434.03,335.49
2022-04-21,16.24,180.9,431.5,333.89
2022-04-22,16.31,180.23,429.12,331.81
2022-04-25,16.47,180.65,430.28,331.04
2022-04-26,16.55,179.96,429.82,328.56
2022-04-27,16.57,179.39,429.71,328.97
2022-04-28,16.69,179.16,426.25,328.31
2022-04-29,16.82,178.32,424.12,328.09
2022-05-02,16.77,177.83,424.65,326.83
2022-05-03,16.86,177.64,424.41,325.68
2022-05-04,16.95,177.18,423.62,325.31
2022-05-05,16.97,176.82,423.74,323.24
2022-05-06,17.12,176.28,425.22,322.12
2022-05-09,17.16,175.32,424.33,320.42
2022-05-10,17.21,175.14,423.82,318.7
2022-05-11,17.24,175.56,423.46,315.59
2022-05-12,17.28,175.25,425.91,316.43
2022-05-13,17.24,175.03,422.63,314.95
2022-05-16,17.18,175.0,422.9,315.59
2022-05-17,17.34,174.16,422.15,316.11
2022-05-18,17.32,174.55,422.27,313.96
2022-05-19,17.29,174.32,420.84,312.05
2022-05-20,17.17,174.69,420.18,314.25
2022-05-23,17.16,174.07,420.48,315.55
2022-05-24,17.1,174.51,423.82,314.82
2022-05-25,17.27,174.52,424.25,314.43
2022-05-26,17.4,174.44,422.57,313.03
2022-05-27,17.39,174.22,421.43,312.83
2022-05-30,17.61,173.8,420.26,311.34
2022-05-31,17.73,173.99,417.41,308.4
2022-06-01,16.8,173.73,416.41,306.26
2022-06-02,16.95,172.6,416.73,305.62
2022-06-03,16.81,171.83,414.55,303.71
2022-06-06,16.66,171.44,415.27,302.97
2022-06-07,16.71,171.26,415.29,301.14
2022-06-08,16.87,170.93,413.78,299.64
2022-06-09,16.94,171.12,413.02,299.9
2022-06-10,16.96,170.01,414.42,299.52
2022-06-13,16.97,169.77,414.74,298.85
2022-06-14,17.01,168.72,414.16,299.14
2022-06-15,17.04,168.72,413.28,299.01
2022-06-16,17.03,168.38,412.79,299.91
2022-06-17,17.01,168.25,411.57,298.76
2022-06-20,16.98,167.59,408.4,297.65
2022-06-21,16.89,167.81,410.32,295.61
2022-06-22,16.85,167.92,409.93,294.51
2022-06-23,16.69,167.85,409.84,294.89
2022-06-24,16.65,167.5,409.19,295.62
2022-06-27,16.55,167.43,407.71,296.0
2022-06-28,16.44,166.84,406.9,293.45
2022-06-29,16.43,166.88,404.38,293.95
2022-06-30,16.5,167.24,406.57,291.37
2022-07-01,16.55,167.37,404.49,291.68
2022-07-04,16.4,166.78,402.67,290.66
2022-07-05,16.3,166.62,401.57,290.76
2022-07-06,16.34,165.8,402.55,288.73
2022-07-07,16.24,165.73,402.0,289.32
2022-07-08,16.2,165.61,399.94,287.17
2022-07-11,16.21,164.57,400.88,285.85
2022-07-12,16.12,163.82,401.19,284.2
2022-07-13,16.1,163.41,401.27,281.8
2022-07-14,15.97,163.0,401.56,281.28
2022-07-15,15.9,162.23,403.88,282.49
2022-07-18,15.9,162.09,405.96,284.59
2022-07-19,15.76,161.89,404.55,284.07
2022-07-20,15.77,161.53,405.95,284.59
2022-07-21,15.74,160.94,405.84,284.21
2022-07-22,15.75,161.06,405.87,284.1
2022-07-25,15.74,161.41,403.24,283.13
2022-07-26,15.81,160.93,402.46,282.71
2022-07-27,15.79,160.4,400.91,282.64
2022-07-28,15.74,160.3,401.34,281.43
2022-07-29,15.72,159.87,402.06,280.74
2022-08-01,15.73,159.53,399.0,280.07
2022-08-02,15.71,159.53,398.4,280.29
2022-08-03,15.68,158.51,399.18,278.6
2022-08-04,15.61,158.73,398.39,277.94
2022-08-05,15.54,158.47,398.7,279.25
2022-08-08,15.41,158.02,398.55,279.81
2022-08-09,15.51,157.7,398.39,280.56
2022-08-10,15.4,157.41,397.5,279.97
2022-08-11,15.32,156.47,395.49,279.68
2022-08-12,15.25,156.75,393.6,280.08
2022-08-15,15.28,156.48,393.88,281.04
2022-08-16,15.24,156.36,393.35,278.46
2022-08-17,15.3,156.44,392.62,276.54
2022-08-18,15.23,155.77,391.57,277.24
2022-08-19,15.22,155.67,390.66,276.36
2022-08-22,15.14,155.29,391.33,275.09
2022-08-23,15.26,155.32,390.38,273.25
2022-08-24,15.15,154.25,388.26,272.11
2022-08-25,15.15,153.94,388.58,270.15
2022-08-26,15.17,153.44,387.79,271.6
2022-08-29,15.17,153.32,387.27,270.98
2022-08-30,15.13,153.22,388.59,270.33
2022-08-31,15.1,152.68,388.02,270.31
2022-09-01,15.08,155.0,387.8,270.66
2022-09-02,15.04,154.84,385.88,270.99
2022-09-05,15.08,155.32,385.08,271.44
2022-09-06,15.21,155.35,385.24,270.23
2022-09-07,15.14,154.44,382.9,269.36
2022-09-08,15.02,154.47,382.59,269.51
2022-09-09,14.99,154.26,382.16,268.41
2022-09-12,15.14,153.82,381.67,267.82
2022-09-13,15.06,153.53,382.31,267.62
2022-09-14,15.15,153.74,382.15,267.79
2022-09-15,15.24,154.4,383.31,265.5
2022-09-16,15.18,154.69,381.62,265.6
2022-09-19,15.19,154.63,381.24,264.8
2022-09-20,15.28,154.97,380.79,264.9
2022-09-21,15.22,154.97,379.03,265.06
2022-09-22,15.18,154.88,379.58,266.01
2022-09-23,15.12,154.62,381.7,266.73
2022-09-26,15.03,154.14,381.13,267.44
2022-09-27,14.96,154.17,381.17,268.24
2022-09-28,14.85,154.39,380.73,267.94
2022-09-29,14.83,154.53,379.37,267.38
2022-09-30,14.75,154.54,376.77,267.64
2022-10-03,14.74,154.36,375.44,267.76
2022-10-04,14.62,154.76,373.34,266.88
2022-10-05,14.61,154.44,374.73,266.68
2022-10-06,14.64,154.89,374.06,266.07
2022-10-07,14.49,154.69,373.15,264.67
2022-10-10,14.49,154.58,373.61,265.32
2022-10-11,14.54,154.21,371.83,264.79
2022-10-12,14.44,154.19,370.45,266.17
2022-10-13,14.53,154.72,357.0,256.0
2022-10-14,14.53,155.08,357.96,256.27
2022-10-17,14.46,155.62,358.65,257.56
2022-10-18,14.43,155.98,359.17,258.17
2022-10-19,14.44,155.74,360.02,258.7
2022-10-20,14.42,155.79,360.67,257.9
2022-10-21,14.44,155.67,359.98,257.06
2022-10-24,14.35,156.34,360.46,257.6
2022-10-25,14.34,156.06,359.73,256.58
2022-10-26,14.22,156.57,360.24,256.33
2022-10-27,14.19,157.07,360.15,257.03
2022-10-28,14.11,157.94,363.34,256.36
2022-10-31,14.04,157.96,363.73,258.09
2022-11-01,14.1,158.4,362.63,259.47
2022-11-02,14.14,159.44,362.91,258.25
2022-11-03,14.16,159.38,363.91,257.63
2022-11-04,14.06,158.97,366.18,255.75
2022-11-07,14.02,158.43,365.96,255.27
2022-11-08,14.07,158.87,364.66,256.22
2022-11-09,14.06,158.33,365.99,256.07
2022-11-10,14.18,158.36,364.91,256.74
2022-11-11,14.19,158.7,364.87,255.57
2022-11-14,14.17,158.95,365.02,256.55
2022-11-15,14.13,159.28,365.38,256.28
2022-11-16,14.12,159.54,366.57,256.53
2022-11-17,14.08,160.21,366.25,256.68
2022-11-18,14.1,160.02,366.39,255.75
2022-11-21,14.14,159.93,366.81,254.93
2022-11-22,14.07,159.81,367.41,256.05
2022-11-23,13.96,160.31,367.95,256.66
2022-11-24,13.82,160.83,368.87,257.88
2022-11-25,13.83,161.18,370.24,258.42
2022-11-28,13.74,161.82,371.12,258.79
2022-11-29,13.58,161.54,372.07,257.43
2022-11-30,13.58,162.36,370.75,257.42
2022-12-01,13.5,163.13,371.24,257.64
2022-12-02,13.52,163.6,372.22,259.7
2022-12-05,13.5,164.48,373.48,260.58
2022-12-06,13.47,164.01,373.15,262.27
2022-12-07,13.49,163.98,372.85,263.08
2022-12-08,13.45,163.87,372.65,262.65
2022-12-09,13.44,164.34,373.69,263.01
2022-12-12,13.43,164.1,375.3,263.48
2022-12-13,13.36,164.58,375.29,262.84
2022-12-14,13.39,165.31,376.76,262.72
2022-12-15,13.35,165.76,377.35,262.77
2022-12-16,13.28,166.06,377.65,264.54
2022-12-19,13.29,165.85,377.86,262.81
2022-12-20,13.21,165.69,379.16,264.2
2022-12-21,13.18,166.37,379.98,263.56
2022-12-22,13.15,166.87,383.04,262.5
2022-12-23,13.19,167.03,382.51,263.87
2022-12-26,13.19,167.05,383.57,264.81
2022-12-27,13.16,166.42,383.41,266.26
2022-12-28,13.18,166.17,382.87,267.28
2022-12-29,13.24,167.12,383.31,269.52
2022-12-30,13.24,166.79,383.92,270.31
2023-01-02,12.9,170.5,382.0,270.0
2023-01-03,12.84,170.07,381.03,271.64
2023-01-04,12.83,170.23,381.66,271.32
2023-01-05,12.81,170.7,379.61,271.11
2023-01-06,12.8,170.79,379.83,271.24
2023-01-09,12.81,172.06,380.16,269.62
2023-01-10,12.85,171.45,381.39,270.19
2023-01-11,12.85,171.97,382.83,268.79
2023-01-12,12.89,171.99,382.57,269.27
2023-01-13,12.9,172.39,382.72,270.54
2023-01-16,12.79,172.66,382.17,270.51
2023-01-17,12.74,172.44,381.2,272.58
2023-01-18,12.74,172.62,381.87,271.58
2023-01-19,12.68,171.94,380.73,273.18
2023-01-20,12.72,172.28,380.58,274.29
2023-01-23,12.81,172.49,379.77,273.03
2023-01-24,12.89,172.84,380.71,276.15
2023-01-25,12.88,173.36,383.1,276.53
2023-01-26,12.98,173.6,381.93,276.09
2023-01-27,12.99,173.75,380.13,275.14
2023-01-30,12.98,173.47,380.31,275.36
2023-01-31,12.95,173.26,380.64,275.67
2023-02-01,12.94,173.84,381.21,276.21
2023-02-02,12.92,174.53,381.03,276.36
2023-02-03,12.94,174.51,381.12,277.43
2023-02-06,12.95,174.62,381.86,277.48
2023-02-07,12.96,174.33,383.37,276.0
2023-02-08,12.99,174.9,381.45,276.29
2023-02-09,13.07,175.27,381.35,274.38
2023-02-10,13.13,176.18,381.92,275.17
2023-02-13,13.05,175.89,381.19,274.64
2023-02-14,12.91,175.82,383.49,275.24
2023-02-15,12.97,176.01,383.09,276.98
2023-02-16,12.9,176.37,383.36,276.48
2023-02-17,12.89,176.36,384.32,277.98
2023-02-20,12.83,176.08,383.97,277.99
2023-02-21,12.73,176.54,382.17,280.2
2023-02-22,12.77,176.94,382.0,280.27
2023-02-23,12.82,176.64,383.5,279.87
2023-02-24,12.79,177.3,383.44,281.01
2023-02-27,12.65,177.89,382.79,281.02
2023-02-28,12.63,178.03,384.17,280.62
2023-03-01,12.66,178.15,384.12,280.58
2023-03-02,12.58,178.48,383.85,280.99
2023-03-03,12.6,178.2,384.35,282.8
2023-03-06,12.6,178.3,385.56,281.28
2023-03-07,12.64,177.47,388.65,281.76
2023-03-08,12.65,177.93,389.94,282.84
2023-03-09,12.6,177.36,391.63,283.49
2023-03-10,12.68,178.09,391.37,285.28
2023-03-13,12.68,178.03,390.49,285.66
2023-03-14,12.68,178.03,390.9,285.93
2023-03-15,12.63,177.85,391.35,286.99
2023-03-16,12.62,177.82,390.41,287.56
2023-03-17,12.57,178.51,390.54,287.61
2023-03-20,12.57,177.54,391.34,288.6
2023-03-21,12.67,178.17,392.09,288.39
2023-03-22,12.6,178.4,393.01,288.21
2023-03-23,12.52,177.98,393.69,288.12
2023-03-24,12.61,177.61,393.42,289.99
2023-03-27,12.6,178.41,393.14,287.11
2023-03-28,12.57,178.09,392.06,287.97
2023-03-29,12.63,177.69,394.5,288.47
2023-03-30,12.61,178.26,394.85,287.19
2023-03-31,12.72,178.5,394.91,287.96
2023-04-03,12.76,178.19,394.14,288.92
2023-04-04,12.74,178.37,397.97,289.99
2023-04-05,12.87,178.02,397.02,287.7
2023-04-06,12.84,178.58,396.84,289.58
2023-04-07,12.89,179.12,397.67,289.27
2023-04-10,12.92,179.44,398.73,290.45
2023-04-11,13.0,179.68,400.21,291.69
2023-04-12,13.1,180.53,402.72,291.23
2023-04-13,13.11,180.62,403.68,292.39
2023-04-14,13.07,180.2,402.74,292.45
2023-04-17,13.1,180.49,402.77,290.74
2023-04-18,13.07,181.48,403.48,292.43
2023-04-19,13.2,181.13,406.33,292.08
2023-04-20,13.21,181.06,404.97,291.65
2023-04-21,13.19,181.33,406.78,291.69
2023-04-24,13.21,181.4,407.34,292.45
2023-04-25,13.14,181.06,408.71,292.85
2023-04-26,13.09,181.64,408.93,293.9
2023-04-27,13.17,182.75,408.24,292.95
2023-04-28,13.13,182.92,409.5,292.63
2023-05-01,13.08,182.62,410.65,292.98
2023-05-02,13.12,182.03,412.2,295.46
2023-05-03,13.19,182.23,412.53,295.81
2023-05-04,13.24,182.81,412.13,297.44
2023-05-05,13.31,183.11,410.56,297.96
2023-05-08,13.27,183.2,411.91,297.91
2023-05-09,13.19,183.03,412.78,298.12
2023-05-10,13.29,182.64,411.94,298.42
2023-05-11,13.28,183.1,411.62,299.54
2023-05-12,13.27,183.59,411.39,301.51
2023-05-15,13.36,183.0,409.91,302.38
2023-05-16,13.4,183.79,409.25,304.16
2023-05-17,13.43,184.14,408.2,303.59
2023-05-18,13.57,184.85,408.04,303.62
2023-05-19,13.54,184.35,407.48,303.31
2023-05-22,13.6,183.84,405.83,304.14
2023-05-23,13.61,183.86,408.65,304.23
2023-05-24,13.63,184.17,410.53,305.52
2023-05-25,13.74,185.06,409.92,304.98
2023-05-26,13.77,185.47,410.6,305.52
2023-05-29,13.81,185.45,411.46,306.76
2023-05-30,13.89,185.09,413.28,304.98
2023-05-31,13.87,185.73,412.61,307.8
2023-06-01,13.83,185.39,414.32,307.98
2023-06-02,13.77,186.21,413.98,306.23
2023-06-05,13.66,186.17,412.67,306.9
2023-06-06,13.79,186.98,413.92,307.42
2023-06-07,13.73,187.38,415.88,307.82
2023-06-08,13.72,187.41,419.47,309.41
2023-06-09,13.71,187.27,418.31,310.74
2023-06-12,13.74,187.21,419.55,311.57
2023-06-13,13.79,187.49,419.38,312.58
2023-06-14,13.86,187.62,420.72,312.96
2023-06-15,13.83,187.45,419.22,315.47
2023-06-16,13.82,187.47,417.99,314.29
2023-06-19,13.85,187.59,417.37,314.95
2023-06-20,13.84,186.73,417.82,315.53
2023-06-21,13.95,187.03,417.37,316.96
2023-06-22,13.98,186.68,418.55,316.5
2023-06-23,14.04,186.26,420.19,315.02
2023-06-26,14.09,185.6,421.3,315.7
2023-06-27,14.17,184.89,423.71,316.53
2023-06-28,14.19,184.39,424.59,318.74
2023-06-29,14.11,184.16,423.4,317.79
2023-06-30,14.15,185.12,425.5,319.62
2023-07-03,14.11,184.98,425.08,322.87
2023-07-04,14.08,185.15,426.6,322.95
2023-07-05,14.13,185.42,428.98,321.96
2023-07-06,14.22,185.57,429.93,322.0
2023-07-07,14.22,185.63,428.37,322.53
2023-07-10,14.25,185.19,427.55,323.7
2023-07-11,14.37,185.93,429.61,323.53
2023-07-12,14.39,186.83,429.75,325.87
2023-07-13,14.57,186.17,430.22,325.08
2023-07-14,14.61,185.8,431.56,323.57
2023-07-17,14.5,185.77,432.83,325.38
2023-07-18,14.56,185.43,433.55,323.24
2023-07-19,14.59,185.75,433.65,323.51
2023-07-20,14.69,185.52,433.61,327.69
2023-07-21,14.74,186.58,435.09,328.2
2023-07-24,14.74,187.2,436.18,327.4
2023-07-25,14.66,187.39,436.21,327.85
2023-07-26,14.66,187.95,438.0,328.31
2023-07-27,14.61,188.54,438.2,329.03
2023-07-28,14.58,188.38,437.44,330.34
2023-07-31,14.62,188.11,436.82,329.63
2023-08-01,14.74,188.23,435.9,332.17
2023-08-02,14.78,188.72,435.91,332.99
2023-08-03,14.7,188.87,437.9,334.4
2023-08-04,14.74,188.25,437.21,334.17
2023-08-07,14.83,187.99,437.82,336.26
2023-08-08,14.79,188.05,437.33,336.49
2023-08-09,14.79,188.1,437.36,337.36
2023-08-10,14.8,189.09,435.75,336.76
2023-08-11,14.76,188.56,435.83,336.09
2023-08-14,14.81,188.88,435.94,337.46
2023-08-15,14.81,189.65,437.01,337.46
2023-08-16,14.84,190.78,437.67,336.96
2023-08-17,14.79,190.69,436.47,336.72
2023-08-18,14.77,191.01,438.26,338.11
2023-08-21,14.83,191.37,438.91,337.88
2023-08-22,14.81,191.55,439.54,338.28
2023-08-23,14.93,191.6,439.9,338.84
2023-08-24,14.91,191.9,439.58,337.04
2023-08-25,14.93,190.83,440.24,335.8
2023-08-28,15.01,191.24,441.24,336.74
2023-08-29,14.92,191.39,439.3,336.38
2023-08-30,14.81,191.38,438.96,338.2
2023-08-31,14.71,192.42,439.0,339.92
2023-09-01,14.1,192.21,439.7,341.35
2023-09-04,14.26,192.12,441.65,344.14
2023-09-05,14.21,193.13,441.0,344.59
2023-09-06,14.22,192.84,440.71,345.94
2023-09-07,14.31,192.68,440.41,345.77
2023-09-08,14.43,192.71,439.72,349.39
2023-09-11,14.56,193.2,439.63,352.45
2023-09-12,14.63,193.39,441.02,353.03
2023-09-13,14.69,192.89,440.0,354.09
2023-09-14,14.72,192.74,440.93,356.39
2023-09-15,14.77,192.55,439.06,356.77
2023-09-18,14.72,192.61,438.69,356.5
2023-09-19,14.66,192.9,438.62,358.19
2023-09-20,14.65,193.19,441.2,358.86
2023-09-21,14.64,192.47,441.21,359.67
2023-09-22,14.6,193.05,438.68,359.17
2023-09-25,14.64,193.27,436.42,357.52
2023-09-26,14.69,194.01,436.83,358.4
2023-09-27,14.69,194.31,438.0,360.14
2023-09-28,14.78,194.92,438.87,360.42
2023-09-29,14.7,195.24,439.46,362.87
2023-10-02,14.68,195.97,441.36,362.53
2023-10-03,14.62,196.31,441.02,361.73
2023-10-04,14.49,196.36,442.58,362.22
2023-10-05,14.48,197.53,440.79,362.69
2023-10-06,14.47,198.05,439.96,364.28
2023-10-09,14.56,198.43,437.95,363.84
2023-10-10,14.59,197.92,437.96,366.22
2023-10-11,14.52,197.4,438.27,369.41
2023-10-12,14.63,197.64,438.79,369.95
2023-10-13,14.71,197.81,439.24,372.21
2023-10-16,14.74,197.61,438.39,371.39
2023-10-17,14.71,197.78,438.5,373.42
2023-10-18,14.64,198.63,436.91,375.43
2023-10-19,14.61,199.06,439.07,377.2
2023-10-20,14.68,198.62,439.04,377.78
2023-10-23,14.79,198.66,438.76,374.38
2023-10-24,14.89,198.38,441.23,374.11
2023-10-25,14.85,198.29,439.96,373.87
2023-10-26,14.77,198.2,438.84,373.15
2023-10-27,14.77,198.07,437.77,373.91
2023-10-30,14.65,197.57,438.05,373.94
2023-10-31,14.66,197.61,438.99,373.42
2023-11-01,14.64,197.44,440.33,372.6
2023-11-02,14.6,196.15,444.12,372.23
2023-11-03,14.49,197.22,441.5,374.33
2023-11-06,14.52,197.83,442.68,374.04
2023-11-07,14.48,197.75,442.31,373.94
2023-11-08,14.39,197.86,441.91,373.92
2023-11-09,14.2,197.4,441.46,374.98
2023-11-10,14.19,198.31,440.63,376.19
2023-11-13,14.3,199.31,443.23,372.69
2023-11-14,14.4,199.49,444.73,374.66
2023-11-15,14.36,200.08,445.13,377.2
2023-11-16,14.32,200.26,447.31,376.37
2023-11-17,14.34,199.72,445.66,375.66
2023-11-20,14.27,199.62,444.26,375.65
2023-11-21,14.28,199.78,441.74,375.22
2023-11-22,14.32,199.66,441.19,376.13
2023-11-23,14.4,199.66,441.77,374.1
2023-11-24,14.38,199.71,442.28,373.19
2023-11-27,14.36,199.77,442.85,375.86
2023-11-28,14.3,199.9,441.35,375.2
2023-11-29,14.24,199.49,442.79,377.49
2023-11-30,14.22,199.24,443.48,378.57
2023-12-01,14.23,192.0,444.83,376.72
2023-12-04,14.28,190.71,442.68,378.18
2023-12-05,14.22,190.92,443.47,378.62
2023-12-06,14.31,191.23,442.26,378.61
2023-12-07,14.29,190.77,442.11,379.55
2023-12-08,14.28,189.26,443.19,380.8
2023-12-11,14.23,188.78,443.69,382.38
2023-12-12,14.06,188.43,442.93,384.62
2023-12-13,14.11,187.66,443.31,385.8
2023-12-14,14.15,187.11,441.65,384.51
2023-12-15,14.13,187.48,443.55,384.46
2023-12-18,14.12,187.46,443.65,389.18
2023-12-19,14.15,186.73,445.51,390.82
2023-12-20,14.04,185.7,445.18,394.79
2023-12-21,14.0,185.24,444.86,397.41
2023-12-22,14.05,184.84,444.21,398.4
2023-12-25,13.96,184.75,445.76,399.46
2023-12-26,13.97,184.2,445.18,400.05
2023-12-27,13.88,184.11,446.42,398.19
2023-12-28,13.9,184.66,446.28,398.85
2023-12-29,13.89,184.71,475.0,408.0
2024-01-01,13.79,184.37,471.83,406.09
2024-01-02,13.5,185.0,472.0,403.0
2024-01-03,13.46,185.79,473.72,402.72
2024-01-04,13.49,185.78,474.0,401.63
2024-01-05,13.57,186.07,474.15,400.81
2024-01-08,13.52,186.36,475.49,399.33
2024-01-09,13.53,186.4,477.28,398.41
2024-01-10,13.57,186.06,477.66,400.83
2024-01-11,13.62,186.47,476.97,399.88
2024-01-12,13.65,186.71,474.84,400.44
2024-01-15,13.64,187.21,474.27,400.09
2024-01-16,13.6,187.24,473.8,402.17
2024-01-17,13.61,188.06,474.36,404.45
2024-01-18,13.56,187.93,474.28,406.09
2024-01-19,13.39,188.98,475.66,406.92
2024-01-22,13.43,188.46,475.2,406.96
2024-01-23,13.5,188.93,475.52,405.6
2024-01-24,13.37,189.41,477.63,408.83
2024-01-25,13.32,189.33,478.53,408.09
2024-01-26,13.37,189.79,478.85,409.45
2024-01-29,13.5,190.65,478.4,411.4
2024-01-30,13.51,189.91,477.9,410.96
2024-01-31,13.48,190.42,477.09,412.89
2024-02-01,13.48,189.55,476.73,414.41
2024-02-02,13.58,189.39,478.22,417.39
2024-02-05,13.55,190.4,478.31,417.08
2024-02-06,13.51,190.41,476.79,415.54
2024-02-07,13.49,190.15,479.73,415.17
2024-02-08,13.45,190.33,480.61,415.87
2024-02-09,13.47,191.55,478.99,416.35
2024-02-12,13.58,190.99,478.77,416.15
2024-02-13,13.61,190.78,479.34,413.68
2024-02-14,13.6,191.75,482.21,414.77
2024-02-15,13.6,192.88,481.02,418.12
2024-02-16,13.51,193.11,482.85,419.21
2024-02-19,13.58,192.81,485.3,420.53
2024-02-20,13.59,194.07,484.8,421.79
2024-02-21,13.59,195.09,484.81,422.79
2024-02-22,13.8,195.69,483.72,424.6
2024-02-23,13.83,195.59,483.84,425.61
2024-02-26,13.79,195.85,484.2,425.53
2024-02-27,13.78,196.06,485.58,424.71
2024-02-28,13.86,196.5,487.59,424.72
2024-02-29,13.88,197.47,486.91,425.6
2024-03-01,13.8,198.17,484.46,425.51
2024-03-04,13.87,197.94,484.85,426.4
2024-03-05,13.84,198.88,485.69,427.47
2024-03-06,13.97,199.32,486.47,429.16
2024-03-07,14.05,199.94,486.41,431.55
2024-03-08,14.03,200.93,487.01,432.07
2024-03-11,14.13,200.68,489.65,430.44
2024-03-12,14.14,200.96,490.63,430.31
2024-03-13,14.21,200.99,490.51,430.78
2024-03-14,14.25,200.52,490.19,428.35
2024-03-15,14.21,200.98,490.36,430.9
2024-03-18,14.18,202.49,493.2,431.52
2024-03-19,14.26,201.88,493.35,432.52
2024-03-20,14.25,202.16,493.74,435.06
2024-03-21,14.24,202.76,493.45,434.48
2024-03-22,14.19,203.11,495.51,435.78
2024-03-25,14.23,203.35,498.86,436.02
2024-03-26,14.37,203.01,499.96,436.14
2024-03-27,14.31,203.42,500.52,435.33
2024-03-28,14.33,203.34,501.0,438.36
2024-03-29,14.43,202.57,497.86,438.18
2024-04-01,14.44,203.44,499.4,439.7
2024-04-02,14.48,204.2,500.03,437.15
2024-04-03,14.42,204.52,501.1,439.42
2024-04-04,14.46,204.93,500.46,441.5
2024-04-05,14.46,205.76,500.32,442.07
2024-04-08,14.54,206.16,500.13,442.12
2024-04-09,14.63,206.91,502.09,443.17
2024-04-10,14.81,207.06,501.95,447.26
2024-04-11,14.87,208.01,505.53,444.84
2024-04-12,14.9,208.47,506.62,446.51
2024-04-15,14.93,208.87,505.12,445.47
2024-04-16,14.91,208.53,505.36,445.85
2024-04-17,14.95,208.98,504.81,445.87
2024-04-18,14.94,208.86,501.92,445.6
2024-04-19,14.97,208.84,504.77,446.0
2024-04-22,15.07,208.74,506.27,444.6
2024-04-23,15.01,208.5,507.52,446.67
2024-04-24,15.1,209.87,508.21,444.21
2024-04-25,15.21,210.85,506.54,445.49
2024-04-26,15.21,212.12,506.24,445.38
2024-04-29,15.08,211.81,507.95,443.92
2024-04-30,15.05,212.15,506.79,444.66
2024-05-01,15.15,211.8,503.39,442.59
2024-05-02,15.16,211.75,503.47,443.07
2024-05-03,15.11,211.59,503.69,441.22
2024-05-06,15.09,212.52,504.33,442.37
2024-05-07,15.16,212.63,505.87,441.31
2024-05-08,15.21,213.48,507.27,441.01
2024-05-09,15.2,214.1,508.1,441.89
2024-05-10,15.19,215.6,510.36,441.07
2024-05-13,15.18,215.14,508.48,441.39
2024-05-14,15.13,216.1,509.69,439.4
2024-05-15,15.25,217.01,511.09,440.82
2024-05-16,15.24,216.82,509.63,444.04
2024-05-17,15.34,217.66,507.77,448.95
2024-05-20,15.46,218.14,507.07,449.51
2024-05-21,15.54,218.34,506.5,451.21
2024-05-22,15.52,218.22,508.08,448.75
2024-05-23,15.56,218.16,507.58,451.61
2024-05-24,15.58,219.55,506.71,453.29
2024-05-27,15.53,219.87,506.22,452.93
2024-05-28,15.56,220.6,508.36,455.38
2024-05-29,15.49,220.5,508.81,455.39
2024-05-30,15.59,220.4,508.97,455.06
2024-05-31,15.57,221.3,509.24,456.27
2024-06-03,14.8,220.9,511.66,454.95
2024-06-04,14.98,221.0,510.95,457.05
2024-06-05,15.12,221.33,513.41,455.75
2024-06-06,15.32,221.71,514.18,454.45
2024-06-07,15.45,221.94,514.37,453.39
2024-06-10,15.68,222.47,518.69,455.06
2024-06-11,15.75,223.16,517.49,454.47
2024-06-12,15.93,223.87,517.39,452.69
2024-06-13,16.24,223.67,515.92,452.13
2024-06-14,16.34,223.84,517.84,452.5
2024-06-17,16.47,224.8,520.92,451.0
2024-06-18,16.68,225.61,523.98,449.56
2024-06-19,16.87,225.19,526.36,453.41
2024-06-20,17.08,225.71,526.5,452.43
2024-06-21,17.3,224.96,526.38,452.33
2024-06-24,17.54,225.31,524.2,452.16
2024-06-25,17.81,226.67,527.86,451.89
2024-06-26,18.04,226.48,529.06,453.33
2024-06-27,18.21,226.35,528.73,455.31
2024-06-28,18.46,227.09,531.3,455.23
2024-07-01,18.82,226.58,530.2,453.63
2024-07-02,19.01,226.56,531.31,456.15
2024-07-03,19.13,227.21,531.49,456.42
2024-07-04,19.43,227.2,532.96,459.7
2024-07-05,19.63,227.39,533.32,456.42
2024-07-08,19.65,228.13,531.46,457.17
2024-07-09,19.93,228.69,532.04,460.77
2024-07-10,20.1,229.17,534.17,460.62
2024-07-11,20.3,229.31,534.58,460.67
2024-07-12,20.55,229.84,536.29,461.6
2024-07-15,20.79,230.11,535.07,461.1
2024-07-16,21.08,230.69,535.48,461.01
2024-07-17,21.26,230.75,534.94,460.88
2024-07-18,21.54,230.98,536.6,460.27
2024-07-19,21.75,230.76,537.11,462.75
2024-07-22,22.05,231.08,538.69,463.95
2024-07-23,22.35,230.96,540.91,464.8
2024-07-24,22.49,230.68,542.5,466.6
2024-07-25,22.85,231.15,543.41,466.59
2024-07-26,23.04,231.6,542.25,465.72
2024-07-29,23.37,232.37,542.71,465.15
2024-07-30,23.66,232.47,542.31,465.59
2024-07-31,24.11,233.03,542.22,464.25
2024-08-01,24.34,233.68,542.07,463.85
2024-08-02,24.56,234.26,540.95,463.42
2024-08-05,24.83,234.14,538.24,467.42
2024-08-06,25.06,234.56,537.62,463.21
2024-08-07,25.42,235.1,538.4,463.34
2024-08-08,25.5,235.44,536.69,466.66
2024-08-09,25.65,234.61,537.17,467.31
2024-08-12,25.8,235.03,540.71,469.01
2024-08-13,26.19,236.63,542.83,469.62
2024-08-14,26.68,236.76,545.99,468.93
2024-08-15,26.95,236.69,547.1,465.6
2024-08-16,27.22,237.24,549.49,466.38
2024-08-19,27.52,237.76,548.77,465.51
2024-08-20,27.96,238.79,548.18,464.61
2024-08-21,28.14,238.41,544.16,464.21
2024-08-22,28.47,239.18,546.57,467.57
2024-08-23,28.9,239.86,549.57,472.08
2024-08-26,29.28,240.12,549.13,472.89
2024-08-27,29.62,240.67,549.18,472.54
2024-08-28,30.07,241.61,548.41,470.98
2024-08-29,30.02,242.46,549.51,472.22
2024-08-30,30.44,242.15,551.84,475.71
2024-09-02,30.67,242.98,549.44,475.73
2024-09-03,30.75,243.29,550.59,472.11
2024-09-04,31.15,243.68,550.6,473.7
2024-09-05,31.68,244.08,551.26,475.83
2024-09-06,32.0,244.34,552.49,473.56
2024-09-09,32.48,245.39,552.66,474.3
2024-09-10,33.07,245.7,552.96,475.52
2024-09-11,33.62,245.39,553.08,475.84
2024-09-12,34.23,245.51,555.17,474.93
2024-09-13,34.71,245.97,556.34,477.12
2024-09-16,35.09,247.05,557.19,476.87
2024-09-17,35.22,247.77,555.55,474.77
2024-09-18,35.55,247.62,555.39,471.72
2024-09-19,35.8,249.46,557.37,474.31
2024-09-20,36.54,249.98,557.91,475.81
2024-09-23,36.9,251.11,559.5,476.41
2024-09-24,37.31,251.38,562.95,476.1
2024-09-25,37.81,252.06,565.19,475.64
2024-09-26,38.22,252.93,565.84,474.24
2024-09-27,38.93,254.04,565.45,473.95
2024-09-30,39.23,255.05,561.62,470.79
2024-10-01,39.69,245.0,561.82,469.98
2024-10-02,39.98,244.62,561.75,469.89
2024-10-03,40.17,244.77,562.89,471.37
2024-10-04,40.48,245.27,563.12,471.74
2024-10-07,40.91,245.1,563.06,473.54
2024-10-08,41.27,245.68,560.54,476.29
2024-10-09,41.58,246.49,559.44,478.55
2024-10-10,41.76,245.91,560.73,479.81
2024-10-11,42.19,245.37,564.1,480.28
2024-10-14,42.36,245.24,564.42,479.04
2024-10-15,42.96,245.37,565.46,480.77
2024-10-16,43.43,245.02,567.57,484.13
2024-10-17,43.61,245.77,566.67,485.18
2024-10-18,44.02,245.98,567.79,489.0
2024-10-21,44.34,245.96,567.01,486.78
2024-10-22,44.88,245.06,568.97,485.22
2024-10-23,45.63,244.25,569.72,487.17
2024-10-24,45.73,244.37,570.72,488.09
2024-10-25,46.25,243.07,569.87,490.86
2024-10-28,46.71,243.62,571.57,491.29
2024-10-29,47.35,243.48,575.65,490.22
2024-10-30,47.9,245.34,574.41,490.3
2024-10-31,48.25,246.66,574.31,488.06
2024-11-01,48.7,246.51,575.21,486.53
2024-11-04,49.05,246.4,577.06,488.7
2024-11-05,49.81,246.94,576.59,490.69
2024-11-06,50.35,247.91,572.2,491.8
2024-11-07,51.33,246.89,575.03,489.22
2024-11-08,51.86,245.79,576.84,489.04
2024-11-11,52.25,245.38,574.32,487.35
2024-11-12,52.45,245.67,573.77,489.87
2024-11-13,52.58,245.92,576.97,489.3
2024-11-14,52.77,246.51,579.98,487.85
2024-11-15,53.4,245.76,582.11,488.36
2024-11-18,54.09,244.35,582.3,487.69
2024-11-19,54.29,244.81,582.95,490.76
2024-11-20,55.09,244.28,583.22,489.92
2024-11-21,55.56,243.05,585.7,487.92
2024-11-22,56.19,243.09,584.67,484.6
2024-11-25,57.2,243.51,583.75,485.0
2024-11-26,58.05,243.39,586.03,484.48
2024-11-27,58.6,243.08,586.45,482.44
2024-11-28,58.99,242.94,589.39,484.97
2024-11-29,59.05,242.68,588.71,486.59
2024-12-02,59.49,241.85,589.12,486.99
2024-12-03,60.07,241.4,587.99,489.85
2024-12-04,60.44,241.65,588.51,491.48
2024-12-05,61.05,241.79,586.41,490.48
2024-12-06,61.73,241.85,586.06,489.11
2024-12-09,62.33,241.23,584.04,491.01
2024-12-10,62.81,241.08,585.76,492.17
2024-12-11,63.53,239.78,587.52,492.94
2024-12-12,64.34,239.84,584.98,491.9
2024-12-13,64.71,240.62,587.83,493.43
2024-12-16,65.82,239.72,592.76,492.56
2024-12-17,66.49,239.34,593.35,492.84
2024-12-18,67.21,239.49,592.72,495.87
2024-12-19,68.15,240.16,598.28,495.16
2024-12-20,68.95,239.86,596.43,492.82
2024-12-23,69.99,239.42,596.97,491.42
2024-12-24,70.83,238.25,597.81,493.64
2024-12-25,71.39,238.26,600.74,494.56
2024-12-26,72.27,239.39,601.91,494.79
2024-12-27,72.67,239.5,601.52,494.35
2024-12-30,73.49,239.45,600.32,495.68
2024-12-31,74.26,239.59,590.0,514.0
2025-01-01,74.99,239.54,587.08,508.64
2025-01-02,75.5,242.0,584.0,506.0
2025-01-03,75.22,242.87,585.74,504.75
2025-01-06,75.16,243.63,584.41,504.09
2025-01-07,75.12,243.8,581.73,503.96
2025-01-08,74.68,245.31,580.98,496.75
2025-01-09,75.01,246.46,580.65,494.75
2025-01-10,74.62,246.88,577.16,493.5
2025-01-13,74.85,248.24,577.28,495.62
2025-01-14,74.9,248.7,575.02,493.15
2025-01-15,74.59,248.99,577.52,492.88
2025-01-16,75.1,249.3,577.98,494.99
2025-01-17,74.6,249.0,576.83,492.1
2025-01-20,74.82,250.05,575.09,492.24
2025-01-21,75.06,249.71,574.46,490.27
2025-01-22,74.74,249.74,575.06,488.83
2025-01-23,75.12,249.26,574.57,486.88
2025-01-24,74.94,249.97,573.74,485.05
2025-01-27,74.94,250.65,573.39,489.28
2025-01-28,74.93,251.22,571.91,490.21
2025-01-29,74.79,251.36,570.87,491.61
2025-01-30,74.97,251.42,566.86,491.93
2025-01-31,75.15,252.47,568.07,488.54
2025-02-03,74.46,252.91,568.14,488.69
2025-02-04,74.81,253.88,566.37,490.03
2025-02-05,74.16,254.11,569.16,487.98
2025-02-06,74.41,255.0,568.86,489.13
2025-02-07,74.69,256.58,566.65,489.82
2025-02-10,74.24,257.73,567.67,492.54
2025-02-11,74.01,258.27,567.9,491.25
2025-02-12,73.55,259.22,568.12,488.76
2025-02-13,73.38,259.86,566.95,487.58
2025-02-14,73.19,260.66,567.27,489.56
2025-02-17,73.35,261.25,566.38,485.8
2025-02-18,73.7,261.95,566.88,481.65
2025-02-19,74.07,262.89,563.21,481.27
2025-02-20,73.79,263.06,562.04,479.96
2025-02-21,73.63,263.23,564.5,479.44
2025-02-24,72.98,263.15,562.76,480.53
2025-02-25,72.62,262.95,561.3,479.04
2025-02-26,72.85,262.98,560.11,475.28
2025-02-27,73.29,263.89,557.64,478.26
2025-02-28,72.79,264.13,553.52,476.01
2025-03-03,72.5,265.27,552.7,473.67
2025-03-04,72.4,266.1,552.49,475.02
2025-03-05,72.4,265.66,551.97,473.83
2025-03-06,72.05,266.89,551.3,473.19
2025-03-07,72.1,268.23,550.94,473.48
2025-03-10,71.85,268.41,552.2,474.8
2025-03-11,71.76,269.5,551.45,473.69
2025-03-12,71.85,269.77,550.07,475.76
2025-03-13,71.76,270.66,549.17,471.59
2025-03-14,71.53,270.67,549.69,472.35
2025-03-17,71.4,270.33,551.59,470.39
2025-03-18,71.28,270.91,550.12,472.19
2025-03-19,71.08,271.66,549.85,471.9
2025-03-20,70.9,272.23,549.98,470.23
2025-03-21,71.33,272.29,547.92,470.83
2025-03-24,71.42,272.86,547.52,471.81
2025-03-25,71.23,273.87,544.69,472.37
2025-03-26,71.37,274.68,541.38,470.1
2025-03-27,71.17,275.64,541.55,468.75
2025-03-28,71.46,276.04,540.5,468.22
2025-03-31,71.49,277.67,540.41,467.62
2025-04-01,71.36,277.73,539.95,468.36
2025-04-02,71.42,278.91,537.95,464.45
2025-04-03,70.82,280.56,537.45,464.49
2025-04-04,70.38,281.74,535.05,463.49
2025-04-07,69.91,282.47,536.87,461.57
2025-04-08,69.87,282.97,534.27,459.82
2025-04-09,70.33,284.55,533.53,458.95
2025-04-10,70.95,284.45,531.45,452.53
2025-04-11,71.06,284.65,531.94,450.88
2025-04-14,71.14,285.25,531.0,448.96
2025-04-15,70.47,286.98,529.75,449.32
2025-04-16,70.21,288.12,530.69,447.51
2025-04-17,69.88,288.33,530.33,446.66
2025-04-18,69.59,289.0,530.73,448.65
2025-04-21,69.45,289.46,528.75,449.75
2025-04-22,69.22,289.85,526.12,450.71
2025-04-23,68.52,291.42,525.87,449.39
2025-04-24,68.66,291.35,524.96,449.77
2025-04-25,68.25,293.37,525.53,448.88
