date,USO_Close,USO_Change
2018-01-02,12.1,
2018-01-03,12.1,0.0
2018-01-04,12.14,0.33057851239670644
2018-01-05,12.23,0.7413509060955503
2018-01-08,12.23,0.0
2018-01-09,12.22,-0.08176614881438837
2018-01-10,12.31,0.7364975450081745
2018-01-11,12.36,0.4061738424045336
2018-01-12,12.34,-0.16181229773462036
2018-01-15,12.38,0.32414910858995505
2018-01-16,12.36,-0.1615508885298933
2018-01-17,12.34,-0.16181229773462036
2018-01-18,12.36,0.16207455429497752
2018-01-19,12.27,-0.7281553398058249
2018-01-22,12.18,-0.7334963325183352
2018-01-23,12.15,-0.24630541871920597
2018-01-24,12.1,-0.4115226337448652
2018-01-25,12.13,0.24793388429753538
2018-01-26,12.09,-0.3297609233305909
2018-01-29,12.02,-0.5789909015715522
2018-01-30,12.1,0.6655574043261225
2018-01-31,12.1,0.0
2018-02-01,12.11,0.08264462809917106
2018-02-02,12.04,-0.5780346820809301
2018-02-05,12.01,-0.2491694352159457
2018-02-06,12.03,0.16652789342215257
2018-02-07,11.97,-0.4987531172069737
2018-02-08,12.0,0.25062656641603454
2018-02-09,11.97,-0.24999999999999467
2018-02-12,11.96,-0.08354218880534114
2018-02-13,11.94,-0.16722408026756952
2018-02-14,12.05,0.9212730318258089
2018-02-15,12.05,0.0
2018-02-16,12.0,-0.4149377593361092
2018-02-19,12.05,0.4166666666666652
2018-02-20,11.99,-0.49792531120332884
2018-02-21,12.01,0.16680567139282232
2018-02-22,11.91,-0.8326394671107407
2018-02-23,11.85,-0.5037783375314908
2018-02-26,11.87,0.16877637130801038
2018-02-27,11.91,0.33698399326032025
2018-02-28,11.93,0.16792611251048584
2018-03-01,11.93,0.0
2018-03-02,11.92,-0.08382229673092878
2018-03-05,11.85,-0.5872483221476488
2018-03-06,11.81,-0.33755274261603185
2018-03-07,11.8,-0.08467400508044287
2018-03-08,11.86,0.5084745762711673
2018-03-09,11.88,0.1686340640809636
2018-03-12,11.8,-0.6734006734006703
2018-03-13,11.82,0.16949152542371504
2018-03-14,11.81,-0.08460236886632666
2018-03-15,11.78,-0.2540220152413286
2018-03-16,11.82,0.339558573853993
2018-03-19,11.88,0.5076142131979822
2018-03-20,11.94,0.5050505050504972
2018-03-21,11.9,-0.335008375209378
2018-03-22,11.89,-0.08403361344537785
2018-03-23,11.91,0.1682085786375076
2018-03-26,11.97,0.5037783375314797
2018-03-27,11.95,-0.1670843776107045
2018-03-28,11.95,0.0
2018-03-29,11.9,-0.4184100418409997
2018-03-30,11.84,-0.5042016806722782
2018-04-02,11.89,0.4222972972973027
2018-04-03,11.97,0.6728343145500526
2018-04-04,11.97,0.0
2018-04-05,12.03,0.5012531328320691
2018-04-06,12.06,0.24937655860350905
2018-04-09,12.03,-0.24875621890547706
2018-04-10,12.06,0.24937655860350905
2018-04-11,12.15,0.746268656716409
2018-04-12,12.15,0.0
2018-04-13,12.25,0.8230452674897082
2018-04-16,12.11,-1.1428571428571455
2018-04-17,12.16,0.41288191577208977
2018-04-18,12.17,0.0822368421052655
2018-04-19,12.16,-0.08216926869351049
2018-04-20,12.17,0.0822368421052655
2018-04-23,12.07,-0.8216926869350827
2018-04-24,12.07,0.0
2018-04-25,12.09,0.1657000828500399
2018-04-26,12.18,0.7444168734491274
2018-04-27,12.16,-0.16420361247947435
2018-04-30,12.12,-0.328947368421062
2018-05-01,12.1,-0.16501650165016146
2018-05-02,12.16,0.49586776859504855
2018-05-03,12.18,0.164473684210531
2018-05-04,12.16,-0.16420361247947435
2018-05-07,12.2,0.3289473684210398
2018-05-08,12.21,0.08196721311477528
2018-05-09,12.27,0.49140049140048436
2018-05-10,12.24,-0.24449877750610804
2018-05-11,12.23,-0.08169934640522847
2018-05-14,12.21,-0.16353229762877675
2018-05-15,12.14,-0.5733005733005725
2018-05-16,12.16,0.16474464579900872
2018-05-17,12.18,0.164473684210531
2018-05-18,12.19,0.08210180623973162
2018-05-21,12.18,-0.08203445447088065
2018-05-22,12.11,-0.5747126436781658
2018-05-23,12.1,-0.08257638315442017
2018-05-24,12.09,-0.08264462809917106
2018-05-25,12.05,-0.3308519437551616
2018-05-28,12.05,0.0
2018-05-29,12.08,0.24896265560165887
2018-05-30,12.19,0.9105960264900625
2018-05-31,12.2,0.08203445447088065
2018-06-01,12.22,0.16393442622952836
2018-06-04,12.23,0.08183306055646877
2018-06-05,12.13,-0.8176614881439059
2018-06-06,12.13,0.0
2018-06-07,12.14,0.08244023083263663
2018-06-08,12.29,1.2355848434925765
2018-06-11,12.28,-0.08136696501220841
2018-06-12,12.31,0.2442996742671122
2018-06-13,12.31,0.0
2018-06-14,12.25,-0.4874086108854647
2018-06-15,12.32,0.5714285714285783
2018-06-18,12.37,0.40584415584414835
2018-06-19,12.42,0.4042037186742231
2018-06-20,12.38,-0.32206119162639935
2018-06-21,12.46,0.646203554119551
2018-06-22,12.39,-0.5617977528089901
2018-06-25,12.43,0.32284100080710587
2018-06-26,12.56,1.045856798069189
2018-06-27,12.51,-0.398089171974525
2018-06-28,12.49,-0.1598721023181371
2018-06-29,12.5,0.08006405124099114
2018-07-02,12.48,-0.15999999999999348
2018-07-03,12.4,-0.6410256410256387
2018-07-04,12.41,0.08064516129031585
2018-07-05,12.36,-0.40290088638195165
2018-07-06,12.39,0.24271844660195274
2018-07-09,12.35,-0.32284100080710587
2018-07-10,12.44,0.7287449392712642
2018-07-11,12.41,-0.2411575562700885
2018-07-12,12.39,-0.16116035455278066
2018-07-13,12.45,0.4842615012106366
2018-07-16,12.38,-0.5622489959839272
2018-07-17,12.4,0.1615508885298933
2018-07-18,12.48,0.6451612903225712
2018-07-19,12.4,-0.6410256410256387
2018-07-20,12.42,0.1612903225806317
2018-07-23,12.44,0.16103059581320522
2018-07-24,12.49,0.4019292604501734
2018-07-25,12.43,-0.48038430744595795
2018-07-26,12.36,-0.5631536604987941
2018-07-27,12.4,0.3236245954692629
2018-07-30,12.42,0.1612903225806317
2018-07-31,12.44,0.16103059581320522
2018-08-01,12.47,0.2411575562700996
2018-08-02,12.44,-0.24057738572574872
2018-08-03,12.46,0.1607717041800738
2018-08-06,12.48,0.16051364365969878
2018-08-07,12.45,-0.24038461538462563
2018-08-08,12.56,0.8835341365462046
2018-08-09,12.6,0.31847133757960666
2018-08-10,12.53,-0.5555555555555536
2018-08-13,12.58,0.3990422984836428
2018-08-14,12.53,-0.3974562798092274
2018-08-15,12.58,0.3990422984836428
2018-08-16,12.66,0.6359300476947549
2018-08-17,12.62,-0.3159557661927437
2018-08-20,12.68,0.47543581616482644
2018-08-21,12.71,0.23659305993690705
2018-08-22,12.76,0.3933910306844979
2018-08-23,12.88,0.9404388714733702
2018-08-24,12.87,-0.07763975155280489
2018-08-27,12.84,-0.2331002331002252
2018-08-28,12.79,-0.3894080996884819
2018-08-29,12.75,-0.31274433150898506
2018-08-30,12.76,0.07843137254901489
2018-08-31,12.78,0.15673981191222097
2018-09-03,12.81,0.23474178403757318
2018-09-04,12.86,0.3903200624512104
2018-09-05,12.87,0.07776049766718973
2018-09-06,12.96,0.6993006993007089
2018-09-07,12.95,-0.07716049382717749
2018-09-10,13.12,1.3127413127413057
2018-09-11,13.16,0.3048780487804992
2018-09-12,13.12,-0.3039513677811634
2018-09-13,13.06,-0.45731707317072656
2018-09-14,13.1,0.3062787136294043
2018-09-17,13.09,-0.07633587786259888
2018-09-18,13.14,0.381970970206269
2018-09-19,13.18,0.3044140030441289
2018-09-20,13.18,0.0
2018-09-21,13.14,-0.30349013657055
2018-09-24,13.06,-0.60882800608828
2018-09-25,13.04,-0.15313935681471325
2018-09-26,13.1,0.4601226993865115
2018-09-27,13.12,0.15267175572519776
2018-09-28,13.05,-0.5335365853658458
2018-10-01,13.5,3.44827586206895
2018-10-02,13.4,-0.7407407407407418
2018-10-03,13.37,-0.223880597014936
2018-10-04,13.33,-0.29917726252803867
2018-10-05,13.21,-0.900225056264059
2018-10-08,13.19,-0.15140045420137804
2018-10-09,13.18,-0.07581501137224889
2018-10-10,13.2,0.15174506828528056
2018-10-11,13.22,0.15151515151516914
2018-10-12,13.09,-0.9833585476550777
2018-10-15,12.99,-0.7639419404125269
2018-10-16,12.98,-0.07698229407235857
2018-10-17,12.97,-0.07704160246533309
2018-10-18,12.96,-0.07710100231302919
2018-10-19,13.14,1.388888888888884
2018-10-22,13.13,-0.07610350076103778
2018-10-23,13.15,0.15232292460014563
2018-10-24,13.16,0.07604562737641984
2018-10-25,13.16,0.0
2018-10-26,13.1,-0.455927051671734
2018-10-29,13.1,0.0
2018-10-30,13.01,-0.6870229007633566
2018-10-31,12.95,-0.4611837048424272
2018-11-01,12.88,-0.5405405405405239
2018-11-02,12.84,-0.31055900621118626
2018-11-05,12.93,0.7009345794392496
2018-11-06,12.78,-1.1600928074245953
2018-11-07,12.78,0.0
2018-11-08,12.65,-1.0172143974960801
2018-11-09,12.58,-0.5533596837944632
2018-11-12,12.6,0.15898251192367763
2018-11-13,12.56,-0.31746031746030523
2018-11-14,12.46,-0.7961783439490389
2018-11-15,12.37,-0.7223113964687111
2018-11-16,12.37,0.0
2018-11-19,12.29,-0.6467259498787348
2018-11-20,12.26,-0.24410089503661414
2018-11-21,12.22,-0.32626427406198255
2018-11-22,12.15,-0.5728314238952592
2018-11-23,12.22,0.576131687242798
2018-11-26,12.22,0.0
2018-11-27,12.07,-1.227495908346976
2018-11-28,12.04,-0.24855012427507095
2018-11-29,11.96,-0.6644518272425071
2018-11-30,11.97,0.08361204013378476
2018-12-03,11.88,-0.7518796992481147
2018-12-04,11.84,-0.33670033670034627
2018-12-05,11.83,-0.08445945945946276
2018-12-06,11.83,0.0
2018-12-07,11.73,-0.8453085376162295
2018-12-10,11.67,-0.5115089514066584
2018-12-11,11.61,-0.5141388174807249
2018-12-12,11.54,-0.6029285099052539
2018-12-13,11.59,0.4332755632582286
2018-12-14,11.57,-0.17256255392579245
2018-12-17,11.47,-0.8643042350907515
2018-12-18,11.48,0.08718395815170421
2018-12-19,11.55,0.6097560975609762
2018-12-20,11.56,0.08658008658009031
2018-12-21,11.45,-0.9515570934256146
2018-12-24,11.38,-0.6113537117903856
2018-12-25,11.41,0.2636203866432263
2018-12-26,11.34,-0.613496932515345
2018-12-27,11.32,-0.17636684303350414
2018-12-28,11.32,0.0
2018-12-31,11.24,-0.7067137809187329
2019-01-01,11.2,-0.3558718861210064
2019-01-02,10.8,-3.5714285714285587
2019-01-03,10.8,0.0
2019-01-04,10.76,-0.37037037037037646
2019-01-07,10.86,0.9293680297397744
2019-01-08,10.8,-0.5524861878452914
2019-01-09,10.8,0.0
2019-01-10,10.82,0.18518518518517713
2019-01-11,10.91,0.8317929759704246
2019-01-14,10.86,-0.45829514207149646
2019-01-15,10.93,0.6445672191528473
2019-01-16,10.95,0.18298261665141702
2019-01-17,10.92,-0.2739726027397249
2019-01-18,10.96,0.366300366300365
2019-01-21,10.99,0.27372262773721623
2019-01-22,10.97,-0.18198362147406888
2019-01-23,10.99,0.1823154056517673
2019-01-24,10.99,0.0
2019-01-25,11.01,0.18198362147405778
2019-01-28,11.06,0.4541326067211582
2019-01-29,11.16,0.9041591320072317
2019-01-30,11.12,-0.35842293906810374
2019-01-31,11.24,1.0791366906474975
2019-02-01,11.16,-0.7117437722419906
2019-02-04,11.17,0.08960573476701761
2019-02-05,11.22,0.44762757385856666
2019-02-06,11.25,0.2673796791443861
2019-02-07,11.24,-0.0888888888888828
2019-02-08,11.24,0.0
2019-02-11,11.24,0.0
2019-02-12,11.22,-0.1779359430604921
2019-02-13,11.28,0.53475935828875
2019-02-14,11.32,0.35460992907803135
2019-02-15,11.3,-0.17667844522968323
2019-02-18,11.37,0.619469026548658
2019-02-19,11.4,0.26385224274407815
2019-02-20,11.46,0.5263157894736858
2019-02-21,11.51,0.43630017452005454
2019-02-22,11.49,-0.17376194613378804
2019-02-25,11.47,-0.17406440382941035
2019-02-26,11.53,0.5231037489101809
2019-02-27,11.58,0.43365134431916363
2019-02-28,11.6,0.17271157167528806
2019-03-01,11.62,0.17241379310344307
2019-03-04,11.71,0.774526678141152
2019-03-05,11.69,-0.1707941929974477
2019-03-06,11.74,0.42771599657827064
2019-03-07,11.75,0.08517887563883608
2019-03-08,11.76,0.08510638297871687
2019-03-11,11.83,0.5952380952380931
2019-03-12,11.9,0.591715976331364
2019-03-13,11.96,0.5042016806722671
2019-03-14,12.05,0.7525083612040184
2019-03-15,12.07,0.16597510373443924
2019-03-18,12.12,0.41425020712508864
2019-03-19,12.13,0.08250825082509738
2019-03-20,12.16,0.2473206924979321
2019-03-21,12.17,0.0822368421052655
2019-03-22,12.2,0.24650780608053147
2019-03-25,12.25,0.4098360655737654
2019-03-26,12.23,-0.16326530612245094
2019-03-27,12.36,1.062959934587071
2019-03-28,12.32,-0.3236245954692518
2019-03-29,12.28,-0.32467532467532756
2019-04-01,12.36,0.6514657980456029
2019-04-02,12.42,0.4854368932038833
2019-04-03,12.48,0.48309178743961567
2019-04-04,12.53,0.4006410256410131
2019-04-05,12.55,0.15961691939345712
2019-04-08,12.52,-0.23904382470120167
2019-04-09,12.54,0.15974440894568342
2019-04-10,12.53,-0.07974481658692412
2019-04-11,12.6,0.5586592178770999
2019-04-12,12.61,0.07936507936507908
2019-04-15,12.58,-0.23790642347343294
2019-04-16,12.59,0.07949125596184992
2019-04-17,12.63,0.3177124702144596
2019-04-18,12.62,-0.07917656373714888
2019-04-19,12.59,-0.23771790808240212
2019-04-22,12.62,0.2382843526608447
2019-04-23,12.66,0.31695721077655836
2019-04-24,12.65,-0.07898894154818592
2019-04-25,12.64,-0.07905138339920903
2019-04-26,12.67,0.2373417721518889
2019-04-29,12.61,-0.47355958958169575
2019-04-30,12.55,-0.4758128469468548
2019-05-01,12.53,-0.15936254980081221
2019-05-02,12.54,0.07980845969672856
2019-05-03,12.58,0.31897926634769647
2019-05-06,12.68,0.7949125596184325
2019-05-07,12.75,0.5520504731861164
2019-05-08,12.76,0.07843137254901489
2019-05-09,12.78,0.15673981191222097
2019-05-10,12.74,-0.312989045383405
2019-05-13,12.76,0.15698587127157548
2019-05-14,12.76,0.0
2019-05-15,12.8,0.31347962382446415
2019-05-16,12.77,-0.23437500000000888
2019-05-17,12.82,0.3915426781519349
2019-05-20,12.93,0.8580343213728581
2019-05-21,12.95,0.15467904098993568
2019-05-22,12.99,0.3088803088803216
2019-05-23,13.05,0.4618937644341736
2019-05-24,13.05,0.0
2019-05-27,13.08,0.22988505747125743
2019-05-28,13.1,0.1529051987767538
2019-05-29,13.13,0.22900763358779663
2019-05-30,13.11,-0.15232292460016783
2019-05-31,13.13,0.15255530129671957
2019-06-03,13.18,0.38080731150036407
2019-06-04,13.28,0.7587253414264028
2019-06-05,13.36,0.6024096385542244
2019-06-06,13.51,1.1227544910179743
2019-06-07,13.49,-0.1480384900073961
2019-06-10,13.56,0.5189028910304039
2019-06-11,13.6,0.2949852507374562
2019-06-12,13.75,1.1029411764705843
2019-06-13,13.72,-0.21818181818181737
2019-06-14,13.69,-0.21865889212828726
2019-06-17,13.68,-0.07304601899196239
2019-06-18,13.57,-0.8040935672514626
2019-06-19,13.56,-0.07369196757552876
2019-06-20,13.53,-0.22123893805310324
2019-06-21,13.56,0.22172949002217113
2019-06-24,13.61,0.36873156342183133
2019-06-25,13.74,0.9551800146950784
2019-06-26,13.82,0.5822416302765587
2019-06-27,13.81,-0.07235890014472002
2019-06-28,13.77,-0.2896451846488124
2019-07-01,13.2,-4.139433551198257
2019-07-02,13.31,0.8333333333333526
2019-07-03,13.39,0.6010518407212562
2019-07-04,13.37,-0.14936519790890168
2019-07-05,13.27,-0.7479431563201189
2019-07-08,13.35,0.6028636021100153
2019-07-09,13.35,0.0
2019-07-10,13.43,0.5992509363295984
2019-07-11,13.34,-0.6701414743112477
2019-07-12,13.31,-0.2248875562218866
2019-07-15,13.31,0.0
2019-07-16,13.32,0.07513148009015147
2019-07-17,13.3,-0.15015015015015232
2019-07-18,13.34,0.3007518796992459
2019-07-19,13.28,-0.4497751124437843
2019-07-22,13.27,-0.07530120481927804
2019-07-23,13.29,0.15071590052750938
2019-07-24,13.32,0.22573363431153126
2019-07-25,13.37,0.37537537537537524
2019-07-26,13.3,-0.5235602094240677
2019-07-29,13.22,-0.6015037593984918
2019-07-30,13.3,0.605143721633894
2019-07-31,13.32,0.15037593984961184
2019-08-01,13.28,-0.30030030030030463
2019-08-02,13.38,0.7530120481927804
2019-08-05,13.39,0.07473841554559435
2019-08-06,13.47,0.5974607916355401
2019-08-07,13.48,0.0742390497401546
2019-08-08,13.61,0.9643916913946615
2019-08-09,13.72,0.8082292432035398
2019-08-12,13.71,-0.07288629737609575
2019-08-13,13.77,0.4376367614879584
2019-08-14,13.82,0.3631082062454771
2019-08-15,13.91,0.651230101302458
2019-08-16,13.85,-0.43134435657800063
2019-08-19,13.9,0.3610108303249149
2019-08-20,13.97,0.5035971223021685
2019-08-21,13.86,-0.7874015748031593
2019-08-22,13.8,-0.43290043290041824
2019-08-23,13.67,-0.9420289855072483
2019-08-26,13.66,-0.0731528895391298
2019-08-27,13.71,0.36603221083455484
2019-08-28,13.81,0.729394602479938
2019-08-29,13.82,0.07241129616220032
2019-08-30,13.92,0.723589001447178
2019-09-02,13.84,-0.5747126436781658
2019-09-03,13.74,-0.7225433526011571
2019-09-04,13.74,0.0
2019-09-05,13.77,0.21834061135370675
2019-09-06,13.77,0.0
2019-09-09,13.65,-0.8714596949890963
2019-09-10,13.65,0.0
2019-09-11,13.57,-0.586080586080584
2019-09-12,13.62,0.3684598378776549
2019-09-13,13.65,0.22026431718062955
2019-09-16,13.59,-0.439560439560438
2019-09-17,13.57,-0.14716703458425018
2019-09-18,13.51,-0.44215180545320587
2019-09-19,13.51,0.0
2019-09-20,13.57,0.4441154700222105
2019-09-23,13.51,-0.44215180545320587
2019-09-24,13.55,0.2960769800148144
2019-09-25,13.52,-0.22140221402214832
2019-09-26,13.48,-0.2958579881656709
2019-09-27,13.48,0.0
2019-09-30,13.42,-0.4451038575667643
2019-10-01,13.39,-0.22354694485841042
2019-10-02,13.32,-0.5227781926811059
2019-10-03,13.44,0.9009009009008917
2019-10-04,13.45,0.07440476190476719
2019-10-07,13.41,-0.29739776951672736
2019-10-08,13.43,0.1491424310216205
2019-10-09,13.43,0.0
2019-10-10,13.42,-0.07446016381236209
2019-10-11,13.46,0.29806259314457684
2019-10-14,13.51,0.3714710252600284
2019-10-15,13.48,-0.22205773501109416
2019-10-16,13.45,-0.2225519287833877
2019-10-17,13.44,-0.07434944237918462
2019-10-18,13.31,-0.9672619047618958
2019-10-21,13.22,-0.6761833208114187
2019-10-22,13.31,0.6807866868381307
2019-10-23,13.41,0.7513148009015813
2019-10-24,13.4,-0.07457121551081025
2019-10-25,13.44,0.29850746268655914
2019-10-28,13.46,0.14880952380953438
2019-10-29,13.66,1.4858841010401136
2019-10-30,13.73,0.5124450951683679
2019-10-31,13.73,0.0
2019-11-01,13.67,-0.43699927166788166
2019-11-04,13.58,-0.6583760058522348
2019-11-05,13.59,0.07363770250368162
2019-11-06,13.55,-0.29433406916850036
2019-11-07,13.47,-0.5904059040590437
2019-11-08,13.44,-0.22271714922049712
2019-11-11,13.38,-0.44642857142855874
2019-11-12,13.48,0.7473841554558991
2019-11-13,13.54,0.4451038575667532
2019-11-14,13.54,0.0
2019-11-15,13.64,0.7385524372230501
2019-11-18,13.65,0.07331378299120228
2019-11-19,13.6,-0.3663003663003761
2019-11-20,13.7,0.7352941176470562
2019-11-21,13.74,0.29197080291971655
2019-11-22,13.68,-0.4366812227074246
2019-11-25,13.67,-0.07309941520468044
2019-11-26,13.62,-0.3657644476956934
2019-11-27,13.54,-0.5873715124816492
2019-11-28,13.6,0.4431314623338345
2019-11-29,13.72,0.8823529411764675
2019-12-02,13.64,-0.5830903790087438
2019-12-03,13.68,0.2932551319648091
2019-12-04,13.65,-0.21929824561403022
2019-12-05,13.62,-0.2197802197802301
2019-12-06,13.59,-0.22026431718060735
2019-12-09,13.54,-0.3679175864606421
2019-12-10,13.55,0.07385524372232055
2019-12-11,13.5,-0.3690036900369065
2019-12-12,13.52,0.1481481481481417
2019-12-13,13.52,0.0
2019-12-16,13.51,-0.07396449704142327
2019-12-17,13.46,-0.37009622501850137
2019-12-18,13.43,-0.22288261515602814
2019-12-19,13.48,0.37230081906181045
2019-12-20,13.52,0.29673590504450953
2019-12-23,13.46,-0.4437869822485063
2019-12-24,13.47,0.07429420505200568
2019-12-25,13.52,0.37119524870081744
2019-12-26,13.43,-0.6656804733727761
2019-12-27,13.46,0.22338049143708627
2019-12-30,13.43,-0.22288261515602814
2019-12-31,13.47,0.29784065524944836
2020-01-01,13.43,-0.29695619896066283
2020-01-02,13.8,2.7550260610573307
2020-01-03,13.47,-2.3913043478260843
2020-01-06,13.17,-2.2271714922049046
2020-01-07,12.8,-2.809415337889132
2020-01-08,12.54,-2.0312500000000067
2020-01-09,12.15,-3.1100478468899406
2020-01-10,11.85,-2.4691358024691468
2020-01-13,11.51,-2.8691983122362874
2020-01-14,11.2,-2.693310165073848
2020-01-15,10.94,-2.3214285714285743
2020-01-16,10.64,-2.7422303473491727
2020-01-17,10.37,-2.5375939849624163
2020-01-20,10.16,-2.0250723240115676
2020-01-21,9.9,-2.5590551181102317
2020-01-22,9.7,-2.020202020202033
2020-01-23,9.42,-2.8865979381443196
2020-01-24,9.22,-2.123142250530774
2020-01-27,9.06,-1.7353579175705014
2020-01-28,8.74,-3.532008830022082
2020-01-29,8.5,-2.7459954233409634
2020-01-30,8.32,-2.117647058823524
2020-01-31,8.12,-2.4038461538461675
2020-02-03,7.94,-2.216748768472887
2020-02-04,7.73,-2.6448362720402963
2020-02-05,7.55,-2.3285899094437346
2020-02-06,7.36,-2.516556291390726
2020-02-07,7.23,-1.7663043478260865
2020-02-10,7.06,-2.351313969571245
2020-02-11,6.9,-2.2662889518413443
2020-02-12,6.73,-2.4637681159420333
2020-02-13,6.55,-2.6745913818722267
2020-02-14,6.39,-2.442748091603053
2020-02-17,6.24,-2.3474178403755763
2020-02-18,6.08,-2.564102564102566
2020-02-19,5.95,-2.1381578947368363
2020-02-20,5.86,-1.5126050420168013
2020-02-21,5.74,-2.0477815699658675
2020-02-24,5.6,-2.4390243902439157
2020-02-25,5.49,-1.9642857142857073
2020-02-26,5.35,-2.550091074681249
2020-02-27,5.18,-3.1775700934579376
2020-02-28,5.03,-2.89575289575289
2020-03-02,4.87,-3.1809145129224725
2020-03-03,4.75,-2.4640657084188944
2020-03-04,4.64,-2.3157894736842155
2020-03-05,4.56,-1.7241379310344862
2020-03-06,4.46,-2.1929824561403466
2020-03-09,4.35,-2.4663677130044914
2020-03-10,4.26,-2.0689655172413723
2020-03-11,4.12,-3.2863849765258135
2020-03-12,4.02,-2.4271844660194275
2020-03-13,3.94,-1.990049751243772
2020-03-16,3.82,-3.0456852791878153
2020-03-17,3.75,-1.8324607329842868
2020-03-18,3.67,-2.1333333333333315
2020-03-19,3.57,-2.7247956403269824
2020-03-20,3.5,-1.9607843137254832
2020-03-23,3.45,-1.4285714285714235
2020-03-24,3.37,-2.3188405797101463
2020-03-25,3.29,-2.3738872403560873
2020-03-26,3.21,-2.4316109422492405
2020-03-27,3.12,-2.8037383177570097
2020-03-30,3.06,-1.9230769230769273
2020-03-31,2.97,-2.941176470588236
2020-04-01,2.9,-2.3569023569023684
2020-04-02,2.83,-2.4137931034482696
2020-04-03,2.77,-2.1201413427561877
2020-04-06,2.71,-2.166064981949456
2020-04-07,2.65,-2.2140221402214055
2020-04-08,2.58,-2.6415094339622636
2020-04-09,2.52,-2.3255813953488413
2020-04-10,2.45,-2.777777777777768
2020-04-13,2.39,-2.448979591836742
2020-04-14,2.33,-2.5104602510460317
2020-04-15,2.29,-1.716738197424894
2020-04-16,2.22,-3.056768558951961
2020-04-17,2.18,-1.8018018018018056
2020-04-20,2.14,-1.834862385321101
2020-04-21,2.11,-1.4018691588785215
2020-04-22,2.13,0.9478672985782088
2020-04-23,2.14,0.46948356807512415
2020-04-24,2.15,0.4672897196261516
2020-04-27,2.19,1.8604651162790642
2020-04-28,2.23,1.82648401826484
2020-04-29,2.26,1.3452914798206095
2020-04-30,2.29,1.3274336283185972
2020-05-01,2.3,0.4366812227074135
2020-05-04,2.36,2.60869565217392
2020-05-05,2.39,1.271186440677985
2020-05-06,2.42,1.2552301255229992
2020-05-07,2.46,1.6528925619834656
2020-05-08,2.49,1.2195121951219523
2020-05-11,2.53,1.6064257028112205
2020-05-12,2.55,0.7905138339920903
2020-05-13,2.59,1.5686274509803866
2020-05-14,2.64,1.9305019305019488
2020-05-15,2.69,1.8939393939393812
2020-05-18,2.74,1.858736059479571
2020-05-19,2.77,1.0948905109488871
2020-05-20,2.79,0.7220216606498298
2020-05-21,2.82,1.0752688172043001
2020-05-22,2.86,1.4184397163120588
2020-05-25,2.91,1.7482517482517501
2020-05-26,2.92,0.3436426116838476
2020-05-27,2.98,2.0547945205479534
2020-05-28,3.02,1.342281879194629
2020-05-29,3.05,0.9933774834437026
2020-06-01,3.07,0.6557377049180246
2020-06-02,3.09,0.6514657980456029
2020-06-03,3.14,1.6181229773462924
2020-06-04,3.18,1.273885350318471
2020-06-05,3.2,0.6289308176100628
2020-06-08,3.22,0.6250000000000089
2020-06-09,3.25,0.9316770186335255
2020-06-10,3.32,2.1538461538461506
2020-06-11,3.36,1.2048192771084265
2020-06-12,3.38,0.5952380952380931
2020-06-15,3.41,0.887573964497057
2020-06-16,3.45,1.1730205278592365
2020-06-17,3.45,0.0
2020-06-18,3.49,1.1594202898550732
2020-06-19,3.53,1.1461318051575908
2020-06-22,3.59,1.6997167138810276
2020-06-23,3.66,1.9498607242339983
2020-06-24,3.73,1.91256830601092
2020-06-25,3.77,1.072386058981234
2020-06-26,3.8,0.7957559681697646
2020-06-29,3.89,2.3684210526315974
2020-06-30,3.94,1.285347043701801
2020-07-01,3.99,1.2690355329949332
2020-07-02,4.04,1.2531328320801949
2020-07-03,4.09,1.2376237623762387
2020-07-06,4.14,1.2224938875305513
2020-07-07,4.18,0.9661835748792313
2020-07-08,4.22,0.9569377990430672
2020-07-09,4.27,1.1848341232227444
2020-07-10,4.32,1.1709601873536535
2020-07-13,4.36,0.92592592592593
2020-07-14,4.41,1.1467889908256756
2020-07-15,4.46,1.1337868480725488
2020-07-16,4.55,2.0179372197309364
2020-07-17,4.55,0.0
2020-07-20,4.63,1.758241758241752
2020-07-21,4.71,1.7278617710583255
2020-07-22,4.73,0.424628450106157
2020-07-23,4.78,1.0570824524312794
2020-07-24,4.83,1.0460251046024993
2020-07-27,4.86,0.6211180124223725
2020-07-28,4.9,0.8230452674897082
2020-07-29,4.94,0.8163265306122547
2020-07-30,5.04,2.0242914979756943
2020-07-31,5.12,1.5873015873015817
2020-08-03,5.2,1.5625
2020-08-04,5.21,0.19230769230769162
2020-08-05,5.19,-0.38387715930900956
2020-08-06,5.17,-0.3853564547206201
2020-08-07,5.18,0.19342359767891004
2020-08-10,5.15,-0.5791505791505669
2020-08-11,5.16,0.19417475728154
2020-08-12,5.16,0.0
2020-08-13,5.14,-0.387596899224818
2020-08-14,5.16,0.3891050583657574
2020-08-17,5.17,0.19379844961240345
2020-08-18,5.16,-0.19342359767891004
2020-08-19,5.18,0.3875968992248069
2020-08-20,5.15,-0.5791505791505669
2020-08-21,5.17,0.3883495145631022
2020-08-24,5.18,0.19342359767891004
2020-08-25,5.17,-0.19305019305019266
2020-08-26,5.17,0.0
2020-08-27,5.14,-0.5802707930367523
2020-08-28,5.16,0.3891050583657574
2020-08-31,5.15,-0.19379844961240345
2020-09-01,5.14,-0.1941747572815622
2020-09-02,5.16,0.3891050583657574
2020-09-03,5.14,-0.387596899224818
2020-09-04,5.11,-0.583657587548625
2020-09-07,5.07,-0.7827788649706457
2020-09-08,5.08,0.19723865877712132
2020-09-09,5.05,-0.5905511811023723
2020-09-10,5.09,0.7920792079207928
2020-09-11,5.04,-0.9823182711198419
2020-09-14,5.07,0.5952380952380931
2020-09-15,5.08,0.19723865877712132
2020-09-16,5.07,-0.19685039370078705
2020-09-17,5.06,-0.19723865877713243
2020-09-18,5.07,0.19762845849804478
2020-09-21,5.06,-0.19723865877713243
2020-09-22,5.08,0.39525691699606735
2020-09-23,5.09,0.19685039370078705
2020-09-24,5.09,0.0
2020-09-25,5.08,-0.19646365422396617
2020-09-28,5.07,-0.19685039370078705
2020-09-29,5.08,0.19723865877712132
2020-09-30,5.04,-0.7874015748031482
2020-10-01,5.0,-0.7936507936507908
2020-10-02,5.02,0.40000000000000036
2020-10-05,5.02,0.0
2020-10-06,5.01,-0.19920318725099584
2020-10-07,5.01,0.0
2020-10-08,5.02,0.1996007984031989
2020-10-09,5.0,-0.3984063745019806
2020-10-12,4.98,-0.39999999999998925
2020-10-13,4.98,0.0
2020-10-14,4.96,-0.40160642570281624
2020-10-15,4.97,0.20161290322580072
2020-10-16,4.93,-0.8048289738430636
2020-10-19,4.95,0.40567951318459805
2020-10-20,4.96,0.20202020202020332
2020-10-21,4.96,0.0
2020-10-22,4.98,0.40322580645162365
2020-10-23,5.01,0.6024096385542022
2020-10-26,5.04,0.5988023952095967
2020-10-27,4.99,-0.9920634920634885
2020-10-28,4.96,-0.6012024048096198
2020-10-29,4.94,-0.40322580645160144
2020-10-30,4.94,0.0
2020-11-02,4.95,0.2024291497975561
2020-11-03,4.93,-0.40404040404041774
2020-11-04,4.94,0.20283975659229903
2020-11-05,4.92,-0.4048582995951455
2020-11-06,4.9,-0.40650406504064707
2020-11-09,4.87,-0.612244897959191
2020-11-10,4.85,-0.4106776180698213
2020-11-11,4.81,-0.8247422680412342
2020-11-12,4.79,-0.4158004158004047
2020-11-13,4.81,0.41753653444676075
2020-11-16,4.79,-0.4158004158004047
2020-11-17,4.84,1.0438413361169019
2020-11-18,4.85,0.20661157024792765
2020-11-19,4.85,0.0
2020-11-20,4.83,-0.412371134020606
2020-11-23,4.85,0.41407867494822614
2020-11-24,4.83,-0.412371134020606
2020-11-25,4.83,0.0
2020-11-26,4.89,1.2422360248447228
2020-11-27,4.88,-0.2044989775051076
2020-11-30,4.9,0.4098360655737876
2020-12-01,4.89,-0.20408163265307477
2020-12-02,4.88,-0.2044989775051076
2020-12-03,4.92,0.8196721311475308
2020-12-04,4.9,-0.40650406504064707
2020-12-07,4.94,0.8163265306122547
2020-12-08,4.96,0.4048582995951344
2020-12-09,4.94,-0.40322580645160144
2020-12-10,4.95,0.2024291497975561
2020-12-11,4.97,0.40404040404038444
2020-12-14,4.98,0.201207243460777
2020-12-15,4.95,-0.6024096385542244
2020-12-16,4.93,-0.40404040404041774
2020-12-17,4.92,-0.20283975659228792
2020-12-18,4.92,0.0
2020-12-21,4.93,0.20325203252031798
2020-12-22,4.93,0.0
2020-12-23,4.9,-0.6085192697768638
2020-12-24,4.91,0.20408163265306367
2020-12-25,4.92,0.20366598778003286
2020-12-28,4.93,0.20325203252031798
2020-12-29,4.95,0.40567951318459805
2020-12-30,4.96,0.20202020202020332
2020-12-31,4.97,0.20161290322580072
2021-01-01,4.97,0.0
2021-01-04,4.95,-0.4024144869215207
2021-01-05,4.98,0.60606060606061
2021-01-06,5.01,0.6024096385542022
2021-01-07,5.0,-0.19960079840318778
2021-01-08,5.0,0.0
2021-01-11,5.05,1.0000000000000009
2021-01-12,5.07,0.3960396039603964
2021-01-13,5.11,0.7889546351084853
2021-01-14,5.13,0.3913894324853118
2021-01-15,5.16,0.5847953216374213
2021-01-18,5.2,0.7751937984496138
2021-01-19,5.22,0.38461538461538325
2021-01-20,5.24,0.3831417624521105
2021-01-21,5.26,0.3816793893129722
2021-01-22,5.27,0.1901140684410496
2021-01-25,5.29,0.379506641366234
2021-01-26,5.32,0.5671077504725952
2021-01-27,5.33,0.1879699248120259
2021-01-28,5.39,1.1257035647279423
2021-01-29,5.39,0.0
2021-02-01,5.41,0.37105751391466324
2021-02-02,5.42,0.1848428835489857
2021-02-03,5.49,1.291512915129167
2021-02-04,5.52,0.5464480874316724
2021-02-05,5.57,0.9057971014492905
2021-02-08,5.56,-0.17953321364453378
2021-02-09,5.59,0.5395683453237377
2021-02-10,5.64,0.8944543828264706
2021-02-11,5.67,0.5319148936170359
2021-02-12,5.72,0.8818342151675429
2021-02-15,5.73,0.17482517482518833
2021-02-16,5.8,1.2216404886561838
2021-02-17,5.88,1.379310344827589
2021-02-18,5.9,0.3401360544217802
2021-02-19,5.92,0.3389830508474523
2021-02-22,5.98,1.013513513513531
2021-02-23,6.05,1.1705685618728978
2021-02-24,6.07,0.33057851239670644
2021-02-25,6.08,0.16474464579900872
2021-02-26,6.11,0.49342105263159297
2021-03-01,6.1,-0.16366612111293755
2021-03-02,6.1,0.0
2021-03-03,6.1,0.0
2021-03-04,6.11,0.16393442622952836
2021-03-05,6.14,0.49099836333876823
2021-03-08,6.17,0.48859934853420217
2021-03-09,6.24,1.1345218800648427
2021-03-10,6.24,0.0
2021-03-11,6.3,0.9615384615384581
2021-03-12,6.32,0.31746031746031633
2021-03-15,6.35,0.4746835443037778
2021-03-16,6.4,0.7874015748031704
2021-03-17,6.4,0.0
2021-03-18,6.44,0.6250000000000089
2021-03-19,6.47,0.46583850931676274
2021-03-22,6.52,0.7727975270479082
2021-03-23,6.56,0.6134969325153339
2021-03-24,6.66,1.5243902439024515
2021-03-25,6.67,0.15015015015014122
2021-03-26,6.69,0.2998500749625155
2021-03-29,6.7,0.1494768310911887
2021-03-30,6.71,0.14925373134329067
2021-03-31,6.73,0.29806259314457684
2021-04-01,6.79,0.8915304606240682
2021-04-02,6.87,1.178203240058906
2021-04-05,6.88,0.14556040756914523
2021-04-06,6.89,0.14534883720929148
2021-04-07,6.94,0.7256894049346929
2021-04-08,6.95,0.14409221902016434
2021-04-09,7.0,0.7194244604316502
2021-04-12,7.04,0.5714285714285783
2021-04-13,7.03,-0.14204545454544748
2021-04-14,7.11,1.1379800853485111
2021-04-15,7.2,1.2658227848101333
2021-04-16,7.21,0.1388888888888884
2021-04-19,7.24,0.4160887656033285
2021-04-20,7.28,0.5524861878453136
2021-04-21,7.32,0.5494505494505475
2021-04-22,7.38,0.8196721311475308
2021-04-23,7.48,1.3550135501354976
2021-04-26,7.51,0.40106951871656804
2021-04-27,7.52,0.13315579227695107
2021-04-28,7.51,-0.13297872340425343
2021-04-29,7.52,0.13315579227695107
2021-04-30,7.55,0.3989361702127603
2021-05-03,7.65,1.324503311258285
2021-05-04,7.66,0.13071895424836555
2021-05-05,7.71,0.6527415143602999
2021-05-06,7.74,0.3891050583657574
2021-05-07,7.82,1.033591731266159
2021-05-10,7.95,1.662404092071612
2021-05-11,7.97,0.2515723270440251
2021-05-12,7.99,0.25094102885823144
2021-05-13,8.06,0.8760951188986343
2021-05-14,8.12,0.7444168734491052
2021-05-17,8.23,1.3546798029556717
2021-05-18,8.29,0.7290400972053357
2021-05-19,8.31,0.24125452352232735
2021-05-20,8.37,0.7220216606498076
2021-05-21,8.46,1.0752688172043223
2021-05-24,8.53,0.8274231678486732
2021-05-25,8.59,0.703399765533419
2021-05-26,8.67,0.93131548311991
2021-05-27,8.75,0.9227220299884653
2021-05-28,8.85,1.1428571428571344
2021-05-31,8.92,0.7909604519773961
2021-06-01,8.1,-9.192825112107627
2021-06-02,8.17,0.8641975308641969
2021-06-03,8.16,-0.1223990208078285
2021-06-04,8.2,0.4901960784313708
2021-06-07,8.21,0.12195121951221743
2021-06-08,8.23,0.24360535931788885
2021-06-09,8.3,0.8505467800729027
2021-06-10,8.33,0.3614457831325302
2021-06-11,8.36,0.36014405762303525
2021-06-14,8.33,-0.3588516746411363
2021-06-15,8.39,0.7202881152461149
2021-06-16,8.43,0.47675804529201393
2021-06-17,8.54,1.3048635824436383
2021-06-18,8.55,0.11709601873537423
2021-06-21,8.59,0.46783625730992817
2021-06-22,8.62,0.34924330616996624
2021-06-23,8.71,1.044083526682149
2021-06-24,8.73,0.22962112514350874
2021-06-25,8.77,0.45819014891179677
2021-06-28,8.81,0.45610034207526073
2021-06-29,8.85,0.4540295119182636
2021-06-30,8.86,0.1129943502824915
2021-07-01,8.89,0.3386004514672747
2021-07-02,8.96,0.7874015748031482
2021-07-05,8.94,-0.22321428571430157
2021-07-06,8.97,0.3355704697986628
2021-07-07,8.97,0.0
2021-07-08,9.04,0.7803790412485911
2021-07-09,9.01,-0.33185840707964376
2021-07-12,9.01,0.0
2021-07-13,9.05,0.4439511653718142
2021-07-14,9.14,0.9944751381215422
2021-07-15,9.17,0.3282275711159688
2021-07-16,9.17,0.0
2021-07-19,9.28,1.1995637949836269
2021-07-20,9.24,-0.4310344827586077
2021-07-21,9.18,-0.6493506493506551
2021-07-22,9.22,0.43572984749455923
2021-07-23,9.23,0.10845986984815426
2021-07-26,9.21,-0.21668472372696757
2021-07-27,9.27,0.6514657980455807
2021-07-28,9.3,0.3236245954692629
2021-07-29,9.31,0.10752688172042113
2021-07-30,9.28,-0.3222341568206333
2021-08-02,9.34,0.6465517241379448
2021-08-03,9.4,0.6423982869379063
2021-08-04,9.42,0.21276595744681437
2021-08-05,9.53,1.1677282377919207
2021-08-06,9.51,-0.20986358866735833
2021-08-09,9.47,-0.4206098843322681
2021-08-10,9.47,0.0
2021-08-11,9.49,0.21119324181626542
2021-08-12,9.53,0.42149631190726566
2021-08-13,9.55,0.20986358866736943
2021-08-16,9.59,0.41884816753925413
2021-08-17,9.57,-0.2085505735140769
2021-08-18,9.66,0.940438871473348
2021-08-19,9.68,0.20703933747412417
2021-08-20,9.76,0.8264462809917328
2021-08-23,9.8,0.4098360655737876
2021-08-24,9.85,0.5102040816326481
2021-08-25,9.9,0.5076142131979822
2021-08-26,9.95,0.5050505050504972
2021-08-27,10.01,0.6030150753769004
2021-08-30,10.1,0.899100899100902
2021-08-31,10.14,0.3960396039603964
2021-09-01,10.2,0.5917159763313418
2021-09-02,10.22,0.19607843137257053
2021-09-03,10.32,0.9784735812133016
2021-09-06,10.32,0.0
2021-09-07,10.43,1.065891472868219
2021-09-08,10.46,0.2876318312559967
2021-09-09,10.42,-0.3824091778202754
2021-09-10,10.46,0.38387715930903177
2021-09-13,10.46,0.0
2021-09-14,10.53,0.6692160611854625
2021-09-15,10.53,0.0
2021-09-16,10.54,0.09496676163343043
2021-09-17,10.48,-0.5692599620493288
2021-09-20,10.48,0.0
2021-09-21,10.4,-0.7633587786259555
2021-09-22,10.36,-0.38461538461539435
2021-09-23,10.42,0.5791505791505891
2021-09-24,10.49,0.6717850287907945
2021-09-27,10.54,0.4766444232602307
2021-09-28,10.52,-0.1897533206831059
2021-09-29,10.55,0.2851711026616188
2021-09-30,10.58,0.28436018957345155
2021-10-01,10.56,-0.1890359168241873
2021-10-04,10.66,0.9469696969697017
2021-10-05,10.73,0.6566604127579811
2021-10-06,10.75,0.18639328984155767
2021-10-07,10.79,0.37209302325580396
2021-10-08,10.83,0.3707136237256714
2021-10-11,10.76,-0.6463527239150557
2021-10-12,10.78,0.18587360594795044
2021-10-13,10.78,0.0
2021-10-14,10.76,-0.18552875695732052
2021-10-15,10.78,0.18587360594795044
2021-10-18,10.89,1.0204081632653184
2021-10-19,10.96,0.6427915518824712
2021-10-20,10.96,0.0
2021-10-21,11.02,0.5474452554744325
2021-10-22,11.12,0.9074410163339319
2021-10-25,11.2,0.7194244604316502
2021-10-26,11.24,0.3571428571428559
2021-10-27,11.24,0.0
2021-10-28,11.3,0.5338078291815096
2021-10-29,11.36,0.5309734513274211
2021-11-01,11.44,0.7042253521126751
2021-11-02,11.5,0.5244755244755206
2021-11-03,11.59,0.782608695652165
2021-11-04,11.59,0.0
2021-11-05,11.7,0.9490940465918918
2021-11-08,11.74,0.34188034188034067
2021-11-09,11.89,1.27768313458263
2021-11-10,11.88,-0.0841042893187538
2021-11-11,12.01,1.094276094276081
2021-11-12,12.06,0.41631973355538143
2021-11-15,12.06,0.0
2021-11-16,12.06,0.0
2021-11-17,12.08,0.16583747927030323
2021-11-18,12.14,0.4966887417218624
2021-11-19,12.2,0.49423393739702615
2021-11-22,12.21,0.08196721311477528
2021-11-23,12.24,0.24570024570023108
2021-11-24,12.39,1.225490196078427
2021-11-25,12.53,1.1299435028248483
2021-11-26,12.59,0.47885075818037137
2021-11-29,12.63,0.3177124702144596
2021-11-30,12.67,0.3167062549485289
2021-12-01,12.74,0.5524861878453136
2021-12-02,12.72,-0.15698587127158659
2021-12-03,12.74,0.15723270440251014
2021-12-06,12.68,-0.47095761381475976
2021-12-07,12.74,0.4731861198738141
2021-12-08,12.82,0.6279434850863463
2021-12-09,12.82,0.0
2021-12-10,12.95,1.0140405616224646
2021-12-13,12.92,-0.23166023166022454
2021-12-14,12.87,-0.38699690402477227
2021-12-15,12.92,0.38850038850040125
2021-12-16,13.02,0.7739938080495223
2021-12-17,13.16,1.0752688172043001
2021-12-20,13.17,0.07598784194529085
2021-12-21,13.27,0.7593014426727329
2021-12-22,13.31,0.30143180105501877
2021-12-23,13.33,0.15026296018030294
2021-12-24,13.43,0.7501875468867159
2021-12-27,13.5,0.5212211466865346
2021-12-28,13.45,-0.37037037037037646
2021-12-29,13.58,0.9665427509293778
2021-12-30,13.7,0.8836524300441795
2021-12-31,13.7,0.0
2022-01-03,13.76,0.43795620437956373
2022-01-04,13.83,0.5087209302325535
2022-01-05,13.89,0.4338394793926392
2022-01-06,13.9,0.07199424046075986
2022-01-07,13.89,-0.07194244604316058
2022-01-10,13.93,0.28797696184303945
2022-01-11,14.05,0.8614501076812608
2022-01-12,14.12,0.4982206405693912
2022-01-13,14.14,0.14164305949009304
2022-01-14,14.23,0.6364922206506307
2022-01-17,14.09,-0.983836964160234
2022-01-18,14.2,0.78069552874378
2022-01-19,14.13,-0.4929577464788615
2022-01-20,14.15,0.14154281670204494
2022-01-21,14.12,-0.21201413427562876
2022-01-24,14.08,-0.28328611898016387
2022-01-25,14.19,0.78125
2022-01-26,14.2,0.07047216349542751
2022-01-27,14.27,0.4929577464788837
2022-01-28,14.3,0.21023125437982237
2022-01-31,14.38,0.5594405594405494
2022-02-01,14.42,0.2781641168289273
2022-02-02,14.38,-0.2773925104022079
2022-02-03,14.49,0.7649513212795611
2022-02-04,14.5,0.06901311249136732
2022-02-07,14.44,-0.4137931034482789
2022-02-08,14.45,0.06925207756232066
2022-02-09,14.59,0.9688581314879041
2022-02-10,14.69,0.6854009595613331
2022-02-11,14.71,0.1361470388019148
2022-02-14,14.73,0.13596193065941176
2022-02-15,14.75,0.13577732518668117
2022-02-16,14.93,1.2203389830508504
2022-02-17,15.0,0.46885465505692725
2022-02-18,15.07,0.4666666666666597
2022-02-21,15.19,0.796284007962833
2022-02-22,15.25,0.39499670836076195
2022-02-23,15.27,0.13114754098360049
2022-02-24,15.3,0.19646365422396617
2022-02-25,15.34,0.2614379084967311
2022-02-28,15.38,0.2607561929595992
2022-03-01,14.2,-7.672301690507166
2022-03-02,14.28,0.5633802816901401
2022-03-03,14.31,0.21008403361344463
2022-03-04,14.36,0.34940600978337066
2022-03-07,14.26,-0.696378830083566
2022-03-08,14.36,0.7012622720897532
2022-03-09,14.42,0.41782729805013297
2022-03-10,14.52,0.6934812760055475
2022-03-11,14.37,-1.0330578512396715
2022-03-14,14.54,1.1830201809325036
2022-03-15,14.57,0.20632737276480295
2022-03-16,14.68,0.7549759780370646
2022-03-17,14.65,-0.2043596730245234
2022-03-18,14.73,0.5460750853242269
2022-03-21,14.69,-0.27155465037339566
2022-03-22,14.69,0.0
2022-03-23,14.86,1.1572498298161982
2022-03-24,14.88,0.1345895020188559
2022-03-25,14.93,0.33602150537632713
2022-03-28,15.03,0.6697923643670389
2022-03-29,15.1,0.46573519627413074
2022-03-30,15.15,0.33112582781458233
2022-03-31,15.21,0.3960396039603964
2022-04-01,15.42,1.380670611439827
2022-04-04,15.45,0.1945525291828787
2022-04-05,15.51,0.3883495145631022
2022-04-06,15.62,0.7092198581560183
2022-04-07,15.74,0.768245838668391
2022-04-08,15.86,0.7623888182973326
2022-04-11,15.95,0.5674653215636871
2022-04-12,15.91,-0.25078369905955356
2022-04-13,16.07,1.0056568196103122
2022-04-14,16.02,-0.3111387678904842
2022-04-15,16.09,0.43695380774033676
2022-04-18,16.07,-0.12430080795524656
2022-04-19,16.11,0.24891101431236962
2022-04-20,16.17,0.3724394785847407
2022-04-21,16.24,0.43290043290040714
2022-04-22,16.31,0.4310344827586299
2022-04-25,16.47,0.9809932556713585
2022-04-26,16.55,0.4857316332726347
2022-04-27,16.57,0.12084592145014117
2022-04-28,16.69,0.7242003621001913
2022-04-29,16.82,0.7789095266626633
2022-05-02,16.77,-0.29726516052318575
2022-05-03,16.86,0.5366726296958779
2022-05-04,16.95,0.5338078291814874
2022-05-05,16.97,0.11799410029498247
2022-05-06,17.12,0.8839127872716679
2022-05-09,17.16,0.2336448598130758
2022-05-10,17.21,0.2913752913753065
2022-05-11,17.24,0.17431725740846282
2022-05-12,17.28,0.23201856148493682
2022-05-13,17.24,-0.23148148148149916
2022-05-16,17.18,-0.34802784222737193
2022-05-17,17.34,0.93131548311991
2022-05-18,17.32,-0.11534025374855261
2022-05-19,17.29,-0.173210161662829
2022-05-20,17.17,-0.6940427993059384
2022-05-23,17.16,-0.058241118229473976
2022-05-24,17.1,-0.34965034965034336
2022-05-25,17.27,0.994152046783614
2022-05-26,17.4,0.7527504342790925
2022-05-27,17.39,-0.057471264367803254
2022-05-30,17.61,1.2650948821161467
2022-05-31,17.73,0.6814310051107331
2022-06-01,16.8,-5.245346869712353
2022-06-02,16.95,0.8928571428571397
2022-06-03,16.81,-0.8259587020648995
2022-06-06,16.66,-0.8923259964306873
2022-06-07,16.71,0.30012004801920344
2022-06-08,16.87,0.957510472770795
2022-06-09,16.94,0.4149377593360981
2022-06-10,16.96,0.11806375442737771
2022-06-13,16.97,0.0589622641509413
2022-06-14,17.01,0.23571007660578847
2022-06-15,17.04,0.17636684303350414
2022-06-16,17.03,-0.05868544600937664
2022-06-17,17.01,-0.11743981209629828
2022-06-20,16.98,-0.17636684303351524
2022-06-21,16.89,-0.5300353356890497
2022-06-22,16.85,-0.2368265245707435
2022-06-23,16.69,-0.9495548961424349
2022-06-24,16.65,-0.23966446974237332
2022-06-27,16.55,-0.6006006006005871
2022-06-28,16.44,-0.6646525679758319
2022-06-29,16.43,-0.06082725060828631
2022-06-30,16.5,0.42604990870358517
2022-07-01,16.55,0.3030303030303161
2022-07-04,16.4,-0.9063444108761476
2022-07-05,16.3,-0.609756097560965
2022-07-06,16.34,0.24539877300613355
2022-07-07,16.24,-0.6119951040391758
2022-07-08,16.2,-0.24630541871920597
2022-07-11,16.21,0.06172839506173311
2022-07-12,16.12,-0.5552128315854388
2022-07-13,16.1,-0.1240694789081842
2022-07-14,15.97,-0.8074534161490732
2022-07-15,15.9,-0.4383218534752653
2022-07-18,15.9,0.0
2022-07-19,15.76,-0.8805031446540879
2022-07-20,15.77,0.06345177664974777
2022-07-21,15.74,-0.19023462270132407
2022-07-22,15.75,0.06353240152476847
2022-07-25,15.74,-0.06349206349206549
2022-07-26,15.81,0.4447268106734459
2022-07-27,15.79,-0.12650221378874837
2022-07-28,15.74,-0.3166561114629429
2022-07-29,15.72,-0.12706480304954804
2022-08-01,15.73,0.06361323155215093
2022-08-02,15.71,-0.12714558169103496
2022-08-03,15.68,-0.19096117122852085
2022-08-04,15.61,-0.44642857142856984
2022-08-05,15.54,-0.4484304932735439
2022-08-08,15.41,-0.8365508365508312
2022-08-09,15.51,0.6489292667099189
2022-08-10,15.4,-0.7092198581560294
2022-08-11,15.32,-0.5194805194805197
2022-08-12,15.25,-0.45691906005221883
2022-08-15,15.28,0.19672131147541183
2022-08-16,15.24,-0.2617801047120394
2022-08-17,15.3,0.3937007874015741
2022-08-18,15.23,-0.4575163398692794
2022-08-19,15.22,-0.06565988181220783
2022-08-22,15.14,-0.5256241787122251
2022-08-23,15.26,0.7926023778071389
2022-08-24,15.15,-0.7208387942332806
2022-08-25,15.15,0.0
2022-08-26,15.17,0.13201320132012473
2022-08-29,15.17,0.0
2022-08-30,15.13,-0.2636783124587927
2022-08-31,15.1,-0.1982815598149501
2022-09-01,15.08,-0.13245033112582183
2022-09-02,15.04,-0.2652519893899252
2022-09-05,15.08,0.26595744680850686
2022-09-06,15.21,0.8620689655172376
2022-09-07,15.14,-0.4602235371466201
2022-09-08,15.02,-0.7926023778071389
2022-09-09,14.99,-0.1997336884154377
2022-09-12,15.14,1.000667111407605
2022-09-13,15.06,-0.5284015852047519
2022-09-14,15.15,0.5976095617529875
2022-09-15,15.24,0.5940594059405946
2022-09-16,15.18,-0.3937007874015741
2022-09-19,15.19,0.06587615283266679
2022-09-20,15.28,0.592495062541154
2022-09-21,15.22,-0.3926701570680535
2022-09-22,15.18,-0.26281208935611255
2022-09-23,15.12,-0.39525691699605625
2022-09-26,15.03,-0.5952380952380931
2022-09-27,14.96,-0.46573519627410853
2022-09-28,14.85,-0.7352941176470673
2022-09-29,14.83,-0.13468013468013185
2022-09-30,14.75,-0.539447066756571
2022-10-03,14.74,-0.06779661016949046
2022-10-04,14.62,-0.8141112618724633
2022-10-05,14.61,-0.06839945280437965
2022-10-06,14.64,0.2053388090349051
2022-10-07,14.49,-1.0245901639344246
2022-10-10,14.49,0.0
2022-10-11,14.54,0.3450655624568588
2022-10-12,14.44,-0.687757909215958
2022-10-13,14.53,0.6232686980609303
2022-10-14,14.53,0.0
2022-10-17,14.46,-0.4817618719889727
2022-10-18,14.43,-0.20746887966806016
2022-10-19,14.44,0.06930006930006005
2022-10-20,14.42,-0.13850415512465242
2022-10-21,14.44,0.1386962552011095
2022-10-24,14.35,-0.6232686980609414
2022-10-25,14.34,-0.06968641114982743
2022-10-26,14.22,-0.8368200836819994
2022-10-27,14.19,-0.21097046413502962
2022-10-28,14.11,-0.5637773079633535
2022-10-31,14.04,-0.49610205527994555
2022-11-01,14.1,0.42735042735042583
2022-11-02,14.14,0.28368794326241176
2022-11-03,14.16,0.14144271570013522
2022-11-04,14.06,-0.7062146892655385
2022-11-07,14.02,-0.2844950213371278
2022-11-08,14.07,0.3566333808844524
2022-11-09,14.06,-0.0710732054015617
2022-11-10,14.18,0.8534850640113723
2022-11-11,14.19,0.0705218617771397
2022-11-14,14.17,-0.1409443269908328
2022-11-15,14.13,-0.2822865208186198
2022-11-16,14.12,-0.07077140835103357
2022-11-17,14.08,-0.28328611898016387
2022-11-18,14.1,0.14204545454545858
2022-11-21,14.14,0.28368794326241176
2022-11-22,14.07,-0.4950495049504955
2022-11-23,13.96,-0.7818052594172009
2022-11-24,13.82,-1.002865329512903
2022-11-25,13.83,0.07235890014472002
2022-11-28,13.74,-0.6507592190889366
2022-11-29,13.58,-1.1644832605531286
2022-11-30,13.58,0.0
2022-12-01,13.5,-0.589101620029453
2022-12-02,13.52,0.1481481481481417
2022-12-05,13.5,-0.14792899408283544
2022-12-06,13.47,-0.22222222222221255
2022-12-07,13.49,0.14847809948033142
2022-12-08,13.45,-0.2965159377316562
2022-12-09,13.44,-0.07434944237918462
2022-12-12,13.43,-0.07440476190475609
2022-12-13,13.36,-0.5212211466865235
2022-12-14,13.39,0.22455089820359042
2022-12-15,13.35,-0.29873039581778116
2022-12-16,13.28,-0.524344569288393
2022-12-19,13.29,0.07530120481926694
2022-12-20,13.21,-0.6019563581640242
2022-12-21,13.18,-0.2271006813020504
2022-12-22,13.15,-0.22761760242792084
2022-12-23,13.19,0.3041825095057016
2022-12-26,13.19,0.0
2022-12-27,13.16,-0.22744503411674666
2022-12-28,13.18,0.1519756838905817
2022-12-29,13.24,0.4552352048558417
2022-12-30,13.24,0.0
2023-01-02,12.9,-2.5679758308157052
2023-01-03,12.84,-0.46511627906976605
2023-01-04,12.83,-0.07788161993769194
2023-01-05,12.81,-0.1558846453624252
2023-01-06,12.8,-0.07806401249024209
2023-01-09,12.81,0.07812499999999556
2023-01-10,12.85,0.31225604996096834
2023-01-11,12.85,0.0
2023-01-12,12.89,0.3112840466926059
2023-01-13,12.9,0.07757951900697613
2023-01-16,12.79,-0.852713178294584
2023-01-17,12.74,-0.3909304143862258
2023-01-18,12.74,0.0
2023-01-19,12.68,-0.47095761381475976
2023-01-20,12.72,0.3154574132492094
2023-01-23,12.81,0.7075471698113178
2023-01-24,12.89,0.6245120999219367
2023-01-25,12.88,-0.07757951900697613
2023-01-26,12.98,0.7763975155279379
2023-01-27,12.99,0.07704160246533309
2023-01-30,12.98,-0.07698229407235857
2023-01-31,12.95,-0.23112480739599928
2023-02-01,12.94,-0.07722007722007485
2023-02-02,12.92,-0.1545595054095794
2023-02-03,12.94,0.1547987616099089
2023-02-06,12.95,0.07727975270479526
2023-02-07,12.96,0.07722007722008595
2023-02-08,12.99,0.23148148148146586
2023-02-09,13.07,0.615858352578913
2023-02-10,13.13,0.4590665646518888
2023-02-13,13.05,-0.6092916984006047
2023-02-14,12.91,-1.072796934865905
2023-02-15,12.97,0.4647560030983877
2023-02-16,12.9,-0.5397070161912154
2023-02-17,12.89,-0.07751937984495916
2023-02-20,12.83,-0.4654771140419012
2023-02-21,12.73,-0.7794232268121593
2023-02-22,12.77,0.3142183817753219
2023-02-23,12.82,0.3915426781519349
2023-02-24,12.79,-0.23400936037442088
2023-02-27,12.65,-1.0946051602814588
2023-02-28,12.63,-0.15810276679841806
2023-03-01,12.66,0.23752969121140222
2023-03-02,12.58,-0.6319115323854652
2023-03-03,12.6,0.15898251192367763
2023-03-06,12.6,0.0
2023-03-07,12.64,0.31746031746031633
2023-03-08,12.65,0.07911392405062223
2023-03-09,12.6,-0.39525691699605625
2023-03-10,12.68,0.6349206349206327
2023-03-13,12.68,0.0
2023-03-14,12.68,0.0
2023-03-15,12.63,-0.39432176656150064
2023-03-16,12.62,-0.07917656373714888
2023-03-17,12.57,-0.3961965134706702
2023-03-20,12.57,0.0
2023-03-21,12.67,0.7955449482895727
2023-03-22,12.6,-0.5524861878453025
2023-03-23,12.52,-0.6349206349206327
2023-03-24,12.61,0.7188498402555865
2023-03-27,12.6,-0.07930214115781098
2023-03-28,12.57,-0.23809523809523725
2023-03-29,12.63,0.4773269689737569
2023-03-30,12.61,-0.15835312747427555
2023-03-31,12.72,0.872323552735943
2023-04-03,12.76,0.3144654088050203
2023-04-04,12.74,-0.15673981191222097
2023-04-05,12.87,1.0204081632652962
2023-04-06,12.84,-0.2331002331002252
2023-04-07,12.89,0.3894080996884819
2023-04-10,12.92,0.2327385570209506
2023-04-11,13.0,0.6191950464396356
2023-04-12,13.1,0.7692307692307665
2023-04-13,13.11,0.07633587786259888
2023-04-14,13.07,-0.30511060259343914
2023-04-17,13.1,0.22953328232593329
2023-04-18,13.07,-0.22900763358778553
2023-04-19,13.2,0.9946442234123776
2023-04-20,13.21,0.07575757575759567
2023-04-21,13.19,-0.15140045420137804
2023-04-24,13.21,0.15163002274451998
2023-04-25,13.14,-0.5299015897047732
2023-04-26,13.09,-0.3805175038051778
2023-04-27,13.17,0.6111535523300127
2023-04-28,13.13,-0.3037205770690887
2023-05-01,13.08,-0.38080731150038627
2023-05-02,13.12,0.3058103975535076
2023-05-03,13.19,0.5335365853658569
2023-05-04,13.24,0.37907505686125553
2023-05-05,13.31,0.5287009063444037
2023-05-08,13.27,-0.3005259203606392
2023-05-09,13.19,-0.6028636021100264
2023-05-10,13.29,0.7581501137225111
2023-05-11,13.28,-0.07524454477050302
2023-05-12,13.27,-0.07530120481927804
2023-05-15,13.36,0.6782215523737811
2023-05-16,13.4,0.29940119760478723
2023-05-17,13.43,0.2238805970149249
2023-05-18,13.57,1.042442293373047
2023-05-19,13.54,-0.2210759027266085
2023-05-22,13.6,0.4431314623338345
2023-05-23,13.61,0.07352941176470562
2023-05-24,13.63,0.14695077149156077
2023-05-25,13.74,0.807043286867204
2023-05-26,13.77,0.21834061135370675
2023-05-29,13.81,0.2904865649963728
2023-05-30,13.89,0.5792903692976026
2023-05-31,13.87,-0.14398848092153083
2023-06-01,13.83,-0.2883922134102268
2023-06-02,13.77,-0.4338394793926281
2023-06-05,13.66,-0.7988380537400142
2023-06-06,13.79,0.9516837481698293
2023-06-07,13.73,-0.435097897026826
2023-06-08,13.72,-0.0728332119446451
2023-06-09,13.71,-0.07288629737609575
2023-06-12,13.74,0.2188183807439792
2023-06-13,13.79,0.363901018922852
2023-06-14,13.86,0.5076142131979822
2023-06-15,13.83,-0.21645021645021467
2023-06-16,13.82,-0.0723065798987732
2023-06-19,13.85,0.21707670043413785
2023-06-20,13.84,-0.07220216606498298
2023-06-21,13.95,0.7947976878612595
2023-06-22,13.98,0.21505376344086446
2023-06-23,14.04,0.42918454935620964
2023-06-26,14.09,0.35612535612536966
2023-06-27,14.17,0.5677785663591228
2023-06-28,14.19,0.14114326040930436
2023-06-29,14.11,-0.5637773079633535
2023-06-30,14.15,0.28348688873141015
2023-07-03,14.11,-0.2826855123674976
2023-07-04,14.08,-0.2126151665485465
2023-07-05,14.13,0.35511363636364646
2023-07-06,14.22,0.6369426751592355
2023-07-07,14.22,0.0
2023-07-10,14.25,0.21097046413500742
2023-07-11,14.37,0.8421052631578885
2023-07-12,14.39,0.13917884481560172
2023-07-13,14.57,1.2508686587908269
2023-07-14,14.61,0.27453671928618917
2023-07-17,14.5,-0.7529089664613187
2023-07-18,14.56,0.41379310344829
2023-07-19,14.59,0.2060439560439553
2023-07-20,14.69,0.6854009595613331
2023-07-21,14.74,0.3403675970047759
2023-07-24,14.74,0.0
2023-07-25,14.66,-0.5427408412483015
2023-07-26,14.66,0.0
2023-07-27,14.61,-0.3410641200545794
2023-07-28,14.58,-0.2053388090349051
2023-07-31,14.62,0.274348422496562
2023-08-01,14.74,0.8207934336525335
2023-08-02,14.78,0.27137042062415073
2023-08-03,14.7,-0.5412719891745632
2023-08-04,14.74,0.2721088435374108
2023-08-07,14.83,0.6105834464043447
2023-08-08,14.79,-0.2697235333782966
2023-08-09,14.79,0.0
2023-08-10,14.8,0.06761325219744041
2023-08-11,14.76,-0.2702702702702786
2023-08-14,14.81,0.3387533875338855
2023-08-15,14.81,0.0
2023-08-16,14.84,0.2025658338960179
2023-08-17,14.79,-0.3369272237196852
2023-08-18,14.77,-0.13522650439485862
2023-08-21,14.83,0.4062288422478133
2023-08-22,14.81,-0.13486176668914274
2023-08-23,14.93,0.8102633355840494
2023-08-24,14.91,-0.13395847287340779
2023-08-25,14.93,0.13413816230716247
2023-08-28,15.01,0.5358338914936311
2023-08-29,14.92,-0.5996002664890088
2023-08-30,14.81,-0.7372654155495928
2023-08-31,14.71,-0.6752194463200523
2023-09-01,14.1,-4.146838885112181
2023-09-04,14.26,1.134751773049647
2023-09-05,14.21,-0.3506311360448766
2023-09-06,14.22,0.07037297677692234
2023-09-07,14.31,0.6329113924050667
2023-09-08,14.43,0.8385744234800763
2023-09-11,14.56,0.9009009009009139
2023-09-12,14.63,0.48076923076922906
2023-09-13,14.69,0.41011619958988277
2023-09-14,14.72,0.2042205582028611
2023-09-15,14.77,0.33967391304348116
2023-09-18,14.72,-0.3385240352064889
2023-09-19,14.66,-0.40760869565217295
2023-09-20,14.65,-0.06821282401091588
2023-09-21,14.64,-0.06825938566552558
2023-09-22,14.6,-0.2732240437158584
2023-09-25,14.64,0.273972602739736
2023-09-26,14.69,0.3415300546448119
2023-09-27,14.69,0.0
2023-09-28,14.78,0.6126616746085833
2023-09-29,14.7,-0.5412719891745632
2023-10-02,14.68,-0.1360544217687054
2023-10-03,14.62,-0.4087193460490468
2023-10-04,14.49,-0.8891928864569021
2023-10-05,14.48,-0.06901311249136732
2023-10-06,14.47,-0.06906077348066697
2023-10-09,14.56,0.621976503109889
2023-10-10,14.59,0.2060439560439553
2023-10-11,14.52,-0.47978067169294203
2023-10-12,14.63,0.7575757575757569
2023-10-13,14.71,0.5468215994531844
2023-10-16,14.74,0.20394289598912874
2023-10-17,14.71,-0.2035278154681075
2023-10-18,14.64,-0.47586675730795225
2023-10-19,14.61,-0.2049180327868938
2023-10-20,14.68,0.4791238877481119
2023-10-23,14.79,0.7493188010899043
2023-10-24,14.89,0.6761325219743153
2023-10-25,14.85,-0.2686366689053088
2023-10-26,14.77,-0.5387205387205385
2023-10-27,14.77,0.0
2023-10-30,14.65,-0.8124576844955933
2023-10-31,14.66,0.06825938566552558
2023-11-01,14.64,-0.13642564802182067
2023-11-02,14.6,-0.2732240437158584
2023-11-03,14.49,-0.7534246575342407
2023-11-06,14.52,0.20703933747412417
2023-11-07,14.48,-0.2754820936639035
2023-11-08,14.39,-0.6215469613259694
2023-11-09,14.2,-1.3203613620569876
2023-11-10,14.19,-0.07042253521126751
2023-11-13,14.3,0.7751937984496138
2023-11-14,14.4,0.6993006993006867
2023-11-15,14.36,-0.2777777777777879
2023-11-16,14.32,-0.278551532033422
2023-11-17,14.34,0.13966480446927498
2023-11-20,14.27,-0.4881450488145034
2023-11-21,14.28,0.07007708479327412
2023-11-22,14.32,0.2801120448179262
2023-11-23,14.4,0.5586592178770999
2023-11-24,14.38,-0.1388888888888884
2023-11-27,14.36,-0.13908205841447474
2023-11-28,14.3,-0.41782729805013297
2023-11-29,14.24,-0.41958041958042314
2023-11-30,14.22,-0.1404494382022392
2023-12-01,14.23,0.07032348804500987
2023-12-04,14.28,0.35137034434293835
2023-12-05,14.22,-0.42016806722687816
2023-12-06,14.31,0.6329113924050667
2023-12-07,14.29,-0.13976240391335715
2023-12-08,14.28,-0.06997900629810427
2023-12-11,14.23,-0.3501400560223966
2023-12-12,14.06,-1.1946591707659882
2023-12-13,14.11,0.35561877667140696
2023-12-14,14.15,0.28348688873141015
2023-12-15,14.13,-0.1413427561837377
2023-12-18,14.12,-0.07077140835103357
2023-12-19,14.15,0.21246458923513956
2023-12-20,14.04,-0.7773851590106129
2023-12-21,14.0,-0.2849002849002802
2023-12-22,14.05,0.3571428571428559
2023-12-25,13.96,-0.6405693950177871
2023-12-26,13.97,0.07163323782235498
2023-12-27,13.88,-0.6442376521116677
2023-12-28,13.9,0.14409221902016434
2023-12-29,13.89,-0.07194244604316058
2024-01-01,13.79,-0.719942404607643
2024-01-02,13.5,-2.102973168963007
2024-01-03,13.46,-0.2962962962962945
2024-01-04,13.49,0.22288261515601704
2024-01-05,13.57,0.5930318754633124
2024-01-08,13.52,-0.3684598378776771
2024-01-09,13.53,0.07396449704142327
2024-01-10,13.57,0.2956393200295615
2024-01-11,13.62,0.3684598378776549
2024-01-12,13.65,0.22026431718062955
2024-01-15,13.64,-0.073260073260073
2024-01-16,13.6,-0.2932551319648202
2024-01-17,13.61,0.07352941176470562
2024-01-18,13.56,-0.3673769287288686
2024-01-19,13.39,-1.253687315634222
2024-01-22,13.43,0.29873039581775895
2024-01-23,13.5,0.5212211466865346
2024-01-24,13.37,-0.9629629629629655
2024-01-25,13.32,-0.37397157816004833
2024-01-26,13.37,0.37537537537537524
2024-01-29,13.5,0.972326103216159
2024-01-30,13.51,0.07407407407407085
2024-01-31,13.48,-0.22205773501109416
2024-02-01,13.48,0.0
2024-02-02,13.58,0.7418397626112627
2024-02-05,13.55,-0.22091310751104487
2024-02-06,13.51,-0.2952029520295274
2024-02-07,13.49,-0.1480384900073961
2024-02-08,13.45,-0.2965159377316562
2024-02-09,13.47,0.14869888475836923
2024-02-12,13.58,0.8166295471417895
2024-02-13,13.61,0.22091310751104487
2024-02-14,13.6,-0.07347538574576928
2024-02-15,13.6,0.0
2024-02-16,13.51,-0.6617647058823506
2024-02-19,13.58,0.5181347150259086
2024-02-20,13.59,0.07363770250368162
2024-02-21,13.59,0.0
2024-02-22,13.8,1.5452538631346657
2024-02-23,13.83,0.21739130434781373
2024-02-26,13.79,-0.2892263195950928
2024-02-27,13.78,-0.07251631617113397
2024-02-28,13.86,0.5805515239477588
2024-02-29,13.88,0.14430014430015792
2024-03-01,13.8,-0.5763688760806907
2024-03-04,13.87,0.5072463768115876
2024-03-05,13.84,-0.21629416005767288
2024-03-06,13.97,0.9393063583815087
2024-03-07,14.05,0.5726556907659219
2024-03-08,14.03,-0.142348754448407
2024-03-11,14.13,0.7127583749109156
2024-03-12,14.14,0.07077140835103357
2024-03-13,14.21,0.4950495049504955
2024-03-14,14.25,0.28149190710766714
2024-03-15,14.21,-0.2807017543859591
2024-03-18,14.18,-0.2111189303307559
2024-03-19,14.26,0.5641748942172065
2024-03-20,14.25,-0.07012622720897754
2024-03-21,14.24,-0.070175438596487
2024-03-22,14.19,-0.3511235955056202
2024-03-25,14.23,0.28188865398168783
2024-03-26,14.37,0.9838369641602229
2024-03-27,14.31,-0.41753653444676075
2024-03-28,14.33,0.13976240391333494
2024-03-29,14.43,0.6978367062107527
2024-04-01,14.44,0.06930006930006005
2024-04-02,14.48,0.27700831024930483
2024-04-03,14.42,-0.4143646408839796
2024-04-04,14.46,0.277392510402219
2024-04-05,14.46,0.0
2024-04-08,14.54,0.5532503457814641
2024-04-09,14.63,0.6189821182943644
2024-04-10,14.81,1.2303485987696483
2024-04-11,14.87,0.4051316677920136
2024-04-12,14.9,0.20174848688636615
2024-04-15,14.93,0.2013422818791799
2024-04-16,14.91,-0.13395847287340779
2024-04-17,14.95,0.26827632461434714
2024-04-18,14.94,-0.06688963210702559
2024-04-19,14.97,0.20080321285140812
2024-04-22,15.07,0.6680026720106813
2024-04-23,15.01,-0.39814200398142763
2024-04-24,15.1,0.5996002664889977
2024-04-25,15.21,0.7284768211920589
2024-04-26,15.21,0.0
2024-04-29,15.08,-0.8547008547008628
2024-04-30,15.05,-0.19893899204244114
2024-05-01,15.15,0.6644518272425293
2024-05-02,15.16,0.06600660066007347
2024-05-03,15.11,-0.32981530343008103
2024-05-06,15.09,-0.1323626737260053
2024-05-07,15.16,0.46388336646785433
2024-05-08,15.21,0.32981530343008103
2024-05-09,15.2,-0.06574621959238858
2024-05-10,15.19,-0.06578947368420796
2024-05-13,15.18,-0.06583278472679366
2024-05-14,15.13,-0.32938076416336726
2024-05-15,15.25,0.7931262392597338
2024-05-16,15.24,-0.06557377049180024
2024-05-17,15.34,0.6561679790026309
2024-05-20,15.46,0.7822685788787531
2024-05-21,15.54,0.5174644243208126
2024-05-22,15.52,-0.12870012870012104
2024-05-23,15.56,0.2577319587628857
2024-05-24,15.58,0.12853470437017567
2024-05-27,15.53,-0.3209242618742003
2024-05-28,15.56,0.19317450096587585
2024-05-29,15.49,-0.44987146529563704
2024-05-30,15.59,0.6455777921239525
2024-05-31,15.57,-0.12828736369466798
2024-06-03,14.8,-4.945407835581239
2024-06-04,14.98,1.216216216216215
2024-06-05,15.12,0.9345794392523255
2024-06-06,15.32,1.3227513227513255
2024-06-07,15.45,0.8485639686683921
2024-06-10,15.68,1.4886731391585695
2024-06-11,15.75,0.44642857142858094
2024-06-12,15.93,1.1428571428571344
2024-06-13,16.24,1.9460138104205882
2024-06-14,16.34,0.6157635467980427
2024-06-17,16.47,0.7955936352509019
2024-06-18,16.68,1.2750455373406355
2024-06-19,16.87,1.1390887290168017
2024-06-20,17.08,1.2448132780082721
2024-06-21,17.3,1.2880562060890055
2024-06-24,17.54,1.387283236994219
2024-06-25,17.81,1.5393386545039967
2024-06-26,18.04,1.291409320606407
2024-06-27,18.21,0.942350332594244
2024-06-28,18.46,1.3728720483251022
2024-07-01,18.82,1.9501625135427858
2024-07-02,19.01,1.0095642933050097
2024-07-03,19.13,0.6312467122566945
2024-07-04,19.43,1.5682174594877196
2024-07-05,19.63,1.029336078229548
2024-07-08,19.65,0.10188487009679115
2024-07-09,19.93,1.4249363867684606
2024-07-10,20.1,0.8529854490717526
2024-07-11,20.3,0.995024875621886
2024-07-12,20.55,1.2315270935960632
2024-07-15,20.79,1.1678832116788218
2024-07-16,21.08,1.3949013949013933
2024-07-17,21.26,0.8538899430740265
2024-07-18,21.54,1.3170272812793815
2024-07-19,21.75,0.9749303621169991
2024-07-22,22.05,1.379310344827589
2024-07-23,22.35,1.3605442176870763
2024-07-24,22.49,0.6263982102908239
2024-07-25,22.85,1.600711427301027
2024-07-26,23.04,0.8315098468271165
2024-07-29,23.37,1.432291666666674
2024-07-30,23.66,1.2409071459135612
2024-07-31,24.11,1.9019442096365191
2024-08-01,24.34,0.9539610120282038
2024-08-02,24.56,0.9038619556285932
2024-08-05,24.83,1.0993485342019493
2024-08-06,25.06,0.9262988320579923
2024-08-07,25.42,1.4365522745411141
2024-08-08,25.5,0.31471282454760274
2024-08-09,25.65,0.588235294117645
2024-08-12,25.8,0.5847953216374435
2024-08-13,26.19,1.5116279069767424
2024-08-14,26.68,1.8709431080565109
2024-08-15,26.95,1.0119940029984953
2024-08-16,27.22,1.0018552875695752
2024-08-19,27.52,1.1021307861866392
2024-08-20,27.96,1.5988372093023395
2024-08-21,28.14,0.6437768240343367
2024-08-22,28.47,1.1727078891258014
2024-08-23,28.9,1.5103617843343908
2024-08-26,29.28,1.314878892733562
2024-08-27,29.62,1.1612021857923427
2024-08-28,30.07,1.5192437542201231
2024-08-29,30.02,-0.16627868307282911
2024-08-30,30.44,1.399067288474365
2024-09-02,30.67,0.7555847568988083
2024-09-03,30.75,0.2608412129116333
2024-09-04,31.15,1.300813008130075
2024-09-05,31.68,1.7014446227929358
2024-09-06,32.0,1.0101010101010166
2024-09-09,32.48,1.4999999999999902
2024-09-10,33.07,1.8165024630542037
2024-09-11,33.62,1.6631387964922695
2024-09-12,34.23,1.814396192742418
2024-09-13,34.71,1.4022787028922012
2024-09-16,35.09,1.0947853644482919
2024-09-17,35.22,0.37047591906524957
2024-09-18,35.55,0.9369676320272635
2024-09-19,35.8,0.7032348804500765
2024-09-20,36.54,2.067039106145252
2024-09-23,36.9,0.9852216748768461
2024-09-24,37.31,1.1111111111111294
2024-09-25,37.81,1.3401232913428096
2024-09-26,38.22,1.084369214493508
2024-09-27,38.93,1.857666143380432
2024-09-30,39.23,0.7706139224248565
2024-10-01,39.69,1.1725720112159
2024-10-02,39.98,0.7306626354245394
2024-10-03,40.17,0.47523761880940985
2024-10-04,40.48,0.7717201891959125
2024-10-07,40.91,1.0622529644268797
2024-10-08,41.27,0.8799804448790249
2024-10-09,41.58,0.7511509571116903
2024-10-10,41.76,0.43290043290042934
2024-10-11,42.19,1.0296934865900331
2024-10-14,42.36,0.4029390850912584
2024-10-15,42.96,1.4164305949008638
2024-10-16,43.43,1.0940409683426466
2024-10-17,43.61,0.41446005065621794
2024-10-18,44.02,0.9401513414354579
2024-10-21,44.34,0.7269422989550245
2024-10-22,44.88,1.2178619756427533
2024-10-23,45.63,1.6711229946523964
2024-10-24,45.73,0.2191540653079027
2024-10-25,46.25,1.1371091187404314
2024-10-28,46.71,0.9945945945945889
2024-10-29,47.35,1.3701562834510739
2024-10-30,47.9,1.1615628299894265
2024-10-31,48.25,0.7306889352818313
2024-11-01,48.7,0.932642487046631
2024-11-04,49.05,0.7186858316221567
2024-11-05,49.81,1.5494393476044976
2024-11-06,50.35,1.0841196546878207
2024-11-07,51.33,1.9463753723932387
2024-11-08,51.86,1.0325345801675434
2024-11-11,52.25,0.7520246818357057
2024-11-12,52.45,0.3827751196172402
2024-11-13,52.58,0.24785510009532885
2024-11-14,52.77,0.36135412704452197
2024-11-15,53.4,1.1938601478112432
2024-11-18,54.09,1.2921348314606895
2024-11-19,54.29,0.3697541135144977
2024-11-20,55.09,1.4735678762203053
2024-11-21,55.56,0.8531493919041511
2024-11-22,56.19,1.1339092872570067
2024-11-25,57.2,1.7974728599394973
2024-11-26,58.05,1.4860139860139787
2024-11-27,58.6,0.9474590869939847
2024-11-28,58.99,0.6655290102389078
2024-11-29,59.05,0.10171215460246241
2024-12-02,59.49,0.7451312447078751
2024-12-03,60.07,0.974953773743481
2024-12-04,60.44,0.6159480605959722
2024-12-05,61.05,1.0092653871608182
2024-12-06,61.73,1.1138411138411186
2024-12-09,62.33,0.9719747286570657
2024-12-10,62.81,0.7700946574683121
2024-12-11,63.53,1.146314281165428
2024-12-12,64.34,1.2749881945537611
2024-12-13,64.71,0.5750699409387439
2024-12-16,65.82,1.715345387111733
2024-12-17,66.49,1.0179276815557525
2024-12-18,67.21,1.082869604451786
2024-12-19,68.15,1.3986013986014179
2024-12-20,68.95,1.1738811445341168
2024-12-23,69.99,1.5083393763596797
2024-12-24,70.83,1.2001714530647245
2024-12-25,71.39,0.7906254411972347
2024-12-26,72.27,1.232665639445285
2024-12-27,72.67,0.5534800055348121
2024-12-30,73.49,1.128388606027242
2024-12-31,74.26,1.0477616002177337
2025-01-01,74.99,0.9830325882036028
2025-01-02,75.5,0.6800906787571837
2025-01-03,75.22,-0.37086092715231667
2025-01-06,75.16,-0.07976601967562003
2025-01-07,75.12,-0.0532197977647586
2025-01-08,74.68,-0.5857294994675133
2025-01-09,75.01,0.4418853776111398
2025-01-10,74.62,-0.5199306759098743
2025-01-13,74.85,0.3082283570088329
2025-01-14,74.9,0.06680026720109478
2025-01-15,74.59,-0.4138851802403254
2025-01-16,75.1,0.6837377664566269
2025-01-17,74.6,-0.665778961384822
2025-01-20,74.82,0.2949061662198327
2025-01-21,75.06,0.320769847634339
2025-01-22,74.74,-0.4263256061817322
2025-01-23,75.12,0.5084292213005215
2025-01-24,74.94,-0.23961661341853624
2025-01-27,74.94,0.0
2025-01-28,74.93,-0.013344008540150387
2025-01-29,74.79,-0.18684105164820108
2025-01-30,74.97,0.24067388688326918
2025-01-31,75.15,0.24009603841537164
2025-02-03,74.46,-0.9181636726547038
2025-02-04,74.81,0.4700510341122843
2025-02-05,74.16,-0.8688677984226789
2025-02-06,74.41,0.3371089536138072
2025-02-07,74.69,0.37629350893697566
2025-02-10,74.24,-0.6024902932119436
2025-02-11,74.01,-0.30980603448274024
2025-02-12,73.55,-0.6215376300500064
2025-02-13,73.38,-0.23113528212100887
2025-02-14,73.19,-0.25892613791222985
2025-02-17,73.35,0.21860909960376151
2025-02-18,73.7,0.47716428084527696
2025-02-19,74.07,0.5020352781546666
2025-02-20,73.79,-0.3780207911434963
2025-02-21,73.63,-0.2168315489903927
2025-02-24,72.98,-0.8827923400787641
2025-02-25,72.62,-0.4932858317347244
2025-02-26,72.85,0.31671715780774434
2025-02-27,73.29,0.6039807824296695
2025-02-28,72.79,-0.6822213125938004
2025-03-03,72.5,-0.3984063745020028
2025-03-04,72.4,-0.13793103448275223
2025-03-05,72.4,0.0
2025-03-06,72.05,-0.4834254143646577
2025-03-07,72.1,0.0693962526023606
2025-03-10,71.85,-0.34674063800277377
2025-03-11,71.76,-0.12526096033401712
2025-03-12,71.85,0.12541806020065493
2025-03-13,71.76,-0.12526096033401712
2025-03-14,71.53,-0.3205128205128305
2025-03-17,71.4,-0.18174192646441822
2025-03-18,71.28,-0.1680672268907668
2025-03-19,71.08,-0.2805836139169515
2025-03-20,70.9,-0.2532357906584015
2025-03-21,71.33,0.6064880112834903
2025-03-24,71.42,0.1261741202859934
2025-03-25,71.23,-0.26603192383085617
2025-03-26,71.37,0.19654639898918358
2025-03-27,71.17,-0.2802297884265115
2025-03-28,71.46,0.40747505971616693
2025-03-31,71.49,0.04198152812762146
2025-04-01,71.36,-0.18184361449152808
2025-04-02,71.42,0.0840807174887992
2025-04-03,70.82,-0.8401008120974662
2025-04-04,70.38,-0.6212934199378628
2025-04-07,69.91,-0.6678033532253491
2025-04-08,69.87,-0.05721642111284897
2025-04-09,70.33,0.6583655359954088
2025-04-10,70.95,0.8815583676951677
2025-04-11,71.06,0.15503875968991832
2025-04-14,71.14,0.11258091753447719
2025-04-15,70.47,-0.9418048917627209
2025-04-16,70.21,-0.3689513268057443
2025-04-17,69.88,-0.47001851588092114
2025-04-18,69.59,-0.41499713795075666
2025-04-21,69.45,-0.20117833021986442
2025-04-22,69.22,-0.3311735061195198
2025-04-23,68.52,-1.01126841953193
2025-04-24,68.66,0.20431990659661725
2025-04-25,68.25,-0.5971453539178495
